time, force
16.8861, -76.19955024640755
16.986, -76.15744565477425
17.0865, -76.20222962951149
17.1863, -76.1998373231687
17.2882, -76.19524409499051
17.388, -76.21945423517967
17.4878, -76.19438286470711
17.5897, -76.21715762109058
17.6896, -76.21045916333074
17.7893, -76.21945423517967
18.8952, -76.18069887242628
18.9972, -76.20797116473422
19.097, -76.23246838168451
19.1968, -76.21237300840498
19.2987, -76.17122533930879
19.3984, -76.19294748090142
19.4988, -76.217349005598
19.5986, -76.20529178163028
19.7004, -76.22825792252118
19.8004, -76.2077797802268
19.9006, -76.18050748791886
20.0011, -76.19457424921453
20.103, -76.22376038659671
20.2027, -76.20653578092853
20.3025, -76.21160747037528
20.4044, -76.20557885839142
20.5043, -76.19333024991627
20.6041, -76.20577024289884
20.706, -76.23179853590852
20.8058, -76.23935822395177
20.9063, -76.18825856046954
21.0063, -76.1998373231687
21.1066, -76.2562000606051
21.2086, -76.25476467679941
21.3085, -76.22232500279102
21.4084, -76.23533914929587
21.5103, -76.20366501331718
21.6101, -76.1705554935328
21.71, -76.20414347458573
21.8118, -76.20672716543596
21.9123, -76.24366437536882
22.012, -76.20959793304732
22.1119, -76.24079360775745
22.2139, -76.21983700419452
22.314, -76.25600867609768
22.414, -76.21821023588141
22.5138, -76.21514808376263
22.6157, -76.19438286470711
22.7155, -76.22270777180587
22.8153, -76.21830592813512
22.9181, -76.19792347809445
23.018, -76.1888327139918
23.1178, -76.19572255625907
23.2178, -76.21706192883687
23.3197, -76.19361732667741
23.4196, -76.211703162629
23.5194, -76.23514776478845
23.6212, -76.21457393024035
23.721, -76.23189422816223
23.8212, -76.60796478525064
23.921, -76.46739286454762
24.023, -76.77169423135197
24.1228, -76.86288894913957
24.2226, -76.38720275593691
24.3245, -77.16967831454045
24.4239, -76.84949203361988
24.5258, -76.74872809046109
24.6257, -76.51705714422418
24.7255, -76.81284190044816
24.8275, -77.37532096776766
24.9273, -77.828519481348
25.0272, -77.72201400296646
25.129, -77.35206775011564
25.2288, -77.35828774660692
25.3286, -77.60201591681154
25.4305, -77.9706224781104
25.5304, -78.13463900097288
25.6301, -78.35425272324206
25.7321, -78.26851246391605
25.832, -77.9983732316869
25.9322, -78.21281957225563
26.034, -78.25473277938151
26.1346, -78.43597390791216
26.2344, -78.72850512750993
26.3342, -78.49712125803417
26.435, -78.50008771789923
26.5348, -78.47922680659
26.6365, -78.55520645603738
26.7366, -78.86142166791599
26.836, -79.11050860432849
26.9381, -78.80132693258481
27.0381, -78.90055979968422
27.1381, -78.87309612286886
27.2402, -79.05969601760738
27.3402, -79.20878454889078
27.4403, -79.33959585971516
27.5403, -79.17242149248018
27.6422, -79.23730084049697
27.7421, -79.21443039185978
27.8425, -79.29538603850018
27.9424, -79.52380344811088
28.0445, -79.60026155882682
28.1444, -79.49232069663961
28.2444, -79.45547917896047
28.3444, -79.56342004114768
28.4463, -79.66820305896238
28.5462, -79.87164479035422
28.6461, -79.86953956077257
28.7482, -79.74542670770802
28.847, -79.72906333232325
28.9494, -79.8785346326215
29.0494, -80.03776654279837
29.1495, -80.15920001275897
29.2487, -80.10513388941166
29.3507, -80.08857912951947
29.4506, -80.10532527391908
29.5506, -80.20082614312372
29.6526, -80.29058547710564
29.7525, -80.38111034911725
29.8526, -80.30436516164016
29.9526, -80.31603961659305
30.0547, -80.40024879985965
30.1547, -80.43996108515016
30.2546, -80.58235115867372
30.3544, -80.6584265003748
30.4564, -80.618809907338
30.5564, -80.56742316709463
30.6564, -80.62713513341096
30.7584, -80.74952552590868
30.8586, -80.87641345433087
30.9585, -80.90033651775889
31.0585, -80.85249039090286
31.1605, -80.84674885568013
31.2605, -80.90052790226632
31.3604, -81.01488014545222
31.4603, -81.16033237109457
31.5623, -81.2669335417298
31.6628, -81.22320218178339
31.7627, -81.21947018388862
31.8633, -81.36023348909906
31.9632, -81.43917959841151
32.0632, -81.36032918135277
32.1652, -81.4581266646465
32.2651, -81.48578172596929
32.365, -81.50042264078724
32.4671, -81.58214382545734
32.5671, -81.61573180651027
32.667, -81.64195148402737
32.7671, -81.71305082853543
32.8674, -81.75515542016875
32.9693, -81.71812251798218
33.0693, -81.76338495398798
33.1692, -81.8658713577136
33.2713, -81.89955503102024
33.3713, -81.97381221990081
33.4713, -81.94472177477233
33.5713, -82.01572542702668
33.6733, -82.06653801374779
33.7733, -82.11763767723004
33.8733, -82.18423948581363
33.9734, -82.19103363582718
34.0761, -82.19572255625907
34.1741, -82.29610373040303
34.2761, -82.30404618746113
34.376, -82.38500183410153
34.4759, -82.43983349547855
34.5779, -82.53801374778712
34.6778, -82.56203250346884
34.7777, -82.54165005342819
34.8779, -82.61629001132358
34.9804, -82.64633737898917
35.0805, -82.70403980797755
35.1805, -82.7606896221751
35.2806, -82.78298591729
35.3805, -82.78729206870705
35.4825, -82.88566370552304
35.5824, -82.94738520916732
35.6822, -82.95762428031452
35.7843, -82.99035103108403
35.8844, -83.03456085229901
35.9849, -83.04518269246105
36.0848, -83.11274142358177
36.1848, -83.2177158259039
36.2848, -83.2590548795075
36.3871, -83.28919793942681
36.4878, -83.31714007751073
36.5876, -83.30450870002073
36.6876, -83.41110987065598
36.7878, -83.46421907146618
36.8885, -83.45417138482641
36.9887, -83.51493596593356
37.0908, -83.53732795330218
37.1908, -83.59589161257396
37.2907, -83.62574759573214
37.3906, -83.66727803384316
37.4926, -83.71244477759525
37.5925, -83.7476595269613
37.6925, -83.81033795314269
37.7946, -83.86536099902713
37.8949, -83.90698712939188
37.9949, -83.88746590963461
38.0949, -83.9111018963015
38.195, -83.9547375639942
38.297, -84.0355975183809
38.3969, -84.0238273711743
38.4967, -84.08707995087798
38.5966, -84.13262946364492
38.6986, -84.17167190315945
38.7985, -84.22640787228275
38.8989, -84.25205339627757
38.9982, -84.2633450822156
39.1004, -84.30372721328209
39.2004, -84.40200315784438
39.3004, -84.39118993317491
39.4023, -84.41989760928853
39.5022, -84.47779142278434
39.6021, -84.50793448270363
39.704, -84.56142645252868
39.8038, -84.56927321733306
39.9039, -84.6179805744725
40.0061, -84.65032455622718
40.1061, -84.70085006618714
40.2059, -84.70668729366358
40.3058, -84.76037064799606
40.4078, -84.81989122980495
40.5076, -84.83520199039889
40.6074, -84.87204350807802
40.7093, -84.90907641026459
40.8091, -84.95653976810577
40.9091, -84.98084560054863
41.0111, -84.9892665188753
41.1111, -85.02476834500247
41.2111, -85.11825967687916
41.3111, -85.1248624423853
41.4125, -85.1264892106984
41.5124, -85.14151289453119
41.6124, -85.19012455941692
41.7143, -85.22285131018644
41.8143, -85.24332945248082
41.9144, -85.26323344125294
42.0143, -85.29806542160412
42.1164, -85.37193984146984
42.2165, -85.37433214781264
42.3166, -85.47203393885266
42.4164, -85.46256040573516
42.5181, -85.46753640292819
42.6178, -85.52303791008119
42.7195, -85.54275051434587
42.8191, -85.56054927353631
42.9192, -85.59987878981197
43.0209, -85.64150492017671
43.1206, -85.68935104703274
43.2225, -85.65298799062217
43.3222, -85.74657501475257
43.4218, -85.77336884579194
43.5235, -85.81566482193267
43.6233, -85.80896636417283
43.725, -85.87729063332324
43.8239, -85.83126265928773
43.9259, -85.86791279245945
44.0257, -85.91556753480806
44.1255, -85.92542383694041
44.2274, -85.97719334619863
44.3273, -85.96810258209598
44.4273, -86.0380536195595
44.5293, -86.04752715267699
44.6296, -86.0562351477648
44.7297, -86.07872282738712
44.8296, -86.11307634646975
44.9299, -86.16532431699655
45.0321, -86.17489354236776
45.1322, -86.18790768887258
45.232, -86.24561011786096
45.332, -86.23604089248975
45.434, -86.2592941101418
45.5339, -86.31001100460918
45.6337, -86.34809652158658
45.7358, -86.34618267651234
45.8356, -86.39546418717406
45.9356, -86.36426851246392
46.0376, -86.47374045071052
46.1376, -86.47890783241097
46.2369, -86.49804628315339
46.3389, -86.50484043316693
46.4392, -86.55335640579895
46.5392, -86.57259054879508
46.6391, -86.59287730658204
46.7411, -86.61670467775635
46.8411, -86.62225482847164
46.9413, -86.65144096585382
47.0411, -86.69440678777053
47.1432, -86.72024369627279
47.2432, -86.76655874706942
47.3431, -86.81038579926955
47.4431, -86.80464426404683
47.5452, -86.81679718026827
47.6451, -86.7678984386214
47.7449, -86.82923717325083
47.8469, -86.83086394156393
47.9472, -86.83899778312946
48.0471, -86.92071896779956
48.1471, -86.92636481076858
48.2491, -86.9162214318751
48.3491, -86.94081434107909
48.4489, -86.94157987910879
48.5488, -87.02110014194352
48.6515, -86.97086170874468
48.7514, -87.06454442512879
48.8513, -87.05947273568205
48.9515, -87.07593180332053
49.0514, -87.13612223090541
49.1533, -87.10148163506165
49.2532, -87.16272467743737
49.3531, -87.18262866620948
49.4551, -87.1931548141178
49.555, -87.21650372402354
49.6552, -87.20377665427984
49.7551, -87.20291542399643
49.8572, -87.28530645444252
49.9573, -87.29382306502289
50.0571, -87.3771710180061
50.1592, -87.3653051785458
50.2591, -87.34989872569815
50.3591, -87.38071163139344
50.4592, -87.32396612494219
50.5611, -87.3756399419467
50.661, -87.4374571378447
50.7609, -87.47554265482209
50.8632, -87.44339005757485
50.9633, -87.45343774421461
51.0632, -87.47927465271687
51.1637, -87.42664391317524
51.2638, -87.48769557104353
51.3638, -87.5120014034864
51.4661, -87.52109216758903
51.5661, -87.54865153665811
51.6661, -87.52501554999124
51.7662, -87.53066139296024
51.8663, -87.52405862745411
51.9686, -87.56750291063939
52.0691, -87.61688011355481
52.1692, -87.60214350648316
52.2693, -87.61534903749542
52.3694, -87.61171273185437
52.4698, -87.6389850241623
52.572, -87.66003731997895
52.6722, -87.719175132773
52.7722, -87.67027639112614
52.8727, -87.66214254956061
52.9727, -87.69563483835984
53.0732, -87.72195020813065
53.1734, -87.72979697293505
53.2756, -87.77525079344828
53.3757, -87.76778679765873
53.4765, -87.7484569624089
53.5766, -87.78855201671425
53.6768, -87.74721296311064
53.7769, -87.77745171528365
53.8772, -87.85888582319262
53.9794, -87.83362306821263
54.0798, -87.85429259501444
54.18, -87.84577598443407
54.28, -87.83046522384014
54.3801, -87.88127781056124
54.4802, -87.87180427744374
54.5823, -87.8698904323695
54.6823, -87.91840640500152
54.7823, -87.94041562335529
54.8824, -87.88606242324684
54.9825, -87.92931532192469
55.085, -87.93381285784916
55.1851, -87.99955343614936
55.2852, -87.9879746734502
55.3851, -87.98347713752572
55.4852, -88.00720881644631
55.5874, -88.01888327139919
55.6874, -88.01515127350442
55.7874, -88.03907433693243
55.8875, -88.03811741439532
55.9891, -88.0737149327762
56.0895, -88.06462416867355
56.1898, -88.07869092996923
56.2899, -88.08596354125135
56.3903, -88.03381126297826
56.4905, -88.0737149327762
56.5927, -88.08739892505702
56.6928, -88.11677644694663
56.7929, -88.15438350265546
56.8931, -88.09141799971293
56.9931, -88.11763767723004
58.0997, -88.21562654503118
58.1998, -88.22433454011899
58.3, -88.24184622254829
58.3996, -88.28366373742045
58.5018, -88.32385448397953
58.6019, -88.32662955933718
58.702, -88.28299389164448
58.8041, -88.3434713959905
58.9043, -88.33849539879748
59.0044, -88.3672987671648
59.1049, -88.32883048117256
59.205, -88.3719876875967
59.3051, -88.36605476786654
59.407, -88.40385320808281
59.5068, -88.43638857434492
59.6065, -88.41619750881166
59.7087, -88.42079073698984
59.8087, -88.39131752284653
59.9089, -88.45476148705762
60.0089, -88.4544744102965
60.1093, -88.42146058276583
60.2095, -88.45026395113317
60.312, -88.45428302578907
60.412, -88.4687325560996
60.5122, -88.47150763145724
60.6122, -88.50595684279358
60.7124, -88.4981100779892
60.8139, -88.52576513931197
60.9142, -88.52232021817835
61.0143, -88.51600452943335
61.1147, -88.53619559496659
61.2149, -88.54787004991947
61.3171, -88.55399435415704
61.4163, -88.58863495000081
61.5165, -88.55954450487233
61.6187, -88.57332418940688
61.7188, -88.57600357251081
61.8191, -88.61963924020351
61.9194, -88.61619431906988
62.0195, -88.63657676911055
62.12, -88.64116999728873
62.2201, -88.65849029521061
62.3222, -88.65571521985296
62.4223, -88.66930351988007
62.5223, -88.67628905440105
62.6224, -88.69207827626354
62.7225, -88.6671982902984
62.8247, -88.65466260506213
62.925, -88.67868136074385
63.0251, -88.7369579432545
63.1256, -88.69743704247142
63.2252, -88.70624072981293
63.3253, -88.74595301510344
63.4275, -88.77073730881486
63.5276, -88.72336964322739
63.6276, -88.79399052646689
63.7277, -88.80556928916604
63.8299, -88.73848901931389
63.9302, -88.77064161656115
64.0303, -88.81523420679096
64.1307, -88.7995406771822
64.2309, -88.83858311669671
64.3311, -88.8194446659543
64.4313, -88.85379818503692
64.5334, -88.86126218082647
64.6335, -88.8465255737548
64.7335, -88.85379818503692
64.8335, -88.8147557455224
64.9357, -88.88394124495622
65.0358, -88.90489784851917
65.1362, -88.89752954498334
65.2364, -88.90595046331
65.3367, -88.90346246471348
65.4368, -88.9090126154288
65.5372, -88.9376245992887
65.6396, -88.9337012168865
65.7392, -88.949490438749
65.8381, -88.9559975120014
65.9401, -88.98078180571284
66.0398, -88.95379659016604
66.1416, -88.9829827275482
66.2412, -88.96575812188004
66.3408, -88.9987719494107
66.4429, -89.00212117829062
66.5426, -89.03551777483614
66.6423, -89.02824516355402
66.7444, -89.03035039313568
66.8441, -89.0360919283584
66.9442, -89.05293376501173
67.046, -89.08939251367602
67.1457, -89.03408239103045
67.2456, -89.10891373343328
67.3473, -89.06642637278513
67.4471, -89.11063619400011
67.5487, -89.11073188625382
67.6484, -89.12001403486389
67.748, -89.17369738919635
67.8497, -89.10211958341972
67.9494, -89.17666384906143
68.0512, -89.132932489115
68.1502, -89.16030047367666
68.2523, -89.16613770115309
68.3521, -89.19522814628156
68.4519, -89.24336134989873
68.5538, -89.18891245753657
68.6536, -89.17436723497234
68.7534, -89.1978118371318
68.8552, -89.23589735410918
68.9553, -89.22757212803624
69.0551, -89.25082534568827
69.157, -89.20556290968247
69.2568, -89.23187827945328
69.3566, -89.20996475335322
69.4585, -89.26795425910274
69.5583, -89.26651887529705
69.658, -89.23628012312403
69.7598, -89.29235578379931
69.8595, -89.31426930989937
69.9597, -89.28929363168052
70.0617, -89.2859444028006
70.1615, -89.31331238736225
70.2613, -89.30163793240938
70.3631, -89.33924498811821
70.4634, -89.30460439227446
70.5628, -89.32307299724089
70.6649, -89.3207763831518
70.7649, -89.3383837578348
70.865, -89.35886190012918
70.9651, -89.41244956220794
71.0673, -89.404124336135
71.1678, -89.37359850720085
71.2679, -89.36326374379995
71.368, -89.4073778727612
71.4681, -89.39417234174894
71.5682, -89.40709079600006
71.6703, -89.36833543324668
71.7703, -89.43656401014339
71.8704, -89.47254429753912
71.9706, -89.38268927130349
72.0707, -89.45445846158754
72.1733, -89.45455415384126
72.2734, -89.4843144447457
72.3735, -89.47302275880767
72.4737, -89.48220921516403
72.5738, -89.48957751869986
72.6739, -89.50986427648682
72.776, -89.50383566450296
72.8762, -89.50402704901039
72.9758, -89.49445782363918
73.076, -89.54842825473278
73.1769, -89.49637166871342
73.2771, -89.5342658011834
73.3793, -89.59751838088707
73.4794, -89.57378670196648
73.5794, -89.57407377872762
73.6796, -89.59732699637965
73.7796, -89.59866668793161
73.8818, -89.59292515270889
73.982, -89.61187221894389
74.0823, -89.59407345975343
74.1827, -89.59120269214208
74.2829, -89.65282850353265
74.3831, -89.66584265003749
74.4831, -89.62880974785092
74.585, -89.60785314428797
74.6848, -89.69397617262884
74.7846, -89.6532112725475
74.8868, -89.67608172118467
74.9866, -89.67187126202134
75.0864, -89.68766048388383
75.1884, -89.70890416420791
75.2883, -89.69091402051005
75.3875, -89.7071817036411
75.4894, -89.75387952345258
75.5892, -89.72354507902585
75.689, -89.75301829316918
75.7909, -89.76689366995743
75.8908, -89.78000350871598
75.9911, -89.75120014034864
76.093, -89.80115149678635
76.1928, -89.80411795665141
76.2927, -89.76411859459978
76.3946, -89.74536291287221
76.4948, -89.79464442353392
76.5947, -89.81215610596323
76.6945, -89.79148657916143
76.7965, -89.83761024545063
76.8965, -89.84162932010655
76.9963, -89.81636656512656
77.0982, -89.81560102709686
77.198, -89.81646225738027
77.2978, -89.82631855951261
77.3997, -89.8301462496611
77.4995, -89.84162932010655
77.5993, -89.8848822187844
77.7011, -89.85751423422275
77.8017, -89.85177269900002
77.9017, -89.87703545398
78.0016, -89.86497823001228
78.1014, -89.86650930607168
78.2033, -89.9158865089871
78.3032, -89.93320680690898
78.4032, -89.88526498779925
78.5051, -89.91119758855521
78.6049, -89.94823049074178
78.7047, -89.93856557311686
78.8065, -89.94870895201034
78.9065, -89.95033572032345
79.0063, -89.97177078515494
79.1082, -89.98124431827245
79.2079, -89.95215387314397
79.3077, -89.95588587103875
79.4096, -89.96794309500646
79.5094, -90.00842091832666
79.6092, -90.01598060636992
79.7111, -89.99263169646417
79.8109, -90.00296645986508
79.9109, -90.0222006028612
80.0128, -89.99339723449387
80.1126, -89.98373231686895
80.2124, -90.03282244302325
80.3148, -90.02354029441317
80.4147, -90.02641106202454
80.5145, -90.08899379595222
80.6143, -90.05827658251066
80.7163, -90.08908948820593
80.8162, -90.05435320010845
80.9161, -90.0650707325242
81.0181, -90.07205626704518
81.1179, -90.07081226774693
81.2177, -90.09052487201161
81.3198, -90.10918486148547
81.4196, -90.10315624950161
81.5195, -90.13272515589864
81.6215, -90.11234270585797
81.7212, -90.08631441284828
81.821, -90.1237300840497
81.9213, -90.15301191368559
82.0231, -90.12937592701871
82.1229, -90.10966332275403
82.2227, -90.14487807212006
82.3246, -90.18994912361845
82.4245, -90.19722173490057
82.5263, -90.14956699255195
82.626, -90.20449434618268
82.7252, -90.21789126170238
82.827, -90.18459035741057
82.927, -90.17578667006906
83.0288, -90.20889618985343
83.1286, -90.17827466866558
83.2285, -90.19454235179663
83.3305, -90.227651871581
83.4303, -90.24487647724918
83.5301, -90.24631186105485
83.6321, -90.25406293360552
83.7319, -90.25568970191864
83.832, -90.2308097159535
83.9321, -90.25071370472561
84.034, -90.24688601457713
84.1338, -90.28602414634535
84.2336, -90.26937369419946
84.3355, -90.2981770625668
84.4353, -90.29406229565717
84.5352, -90.26545031179727
84.637, -90.30439705905808
84.7368, -90.32985119854548
84.8366, -90.3577933366294
84.9388, -90.35339149295865
85.0386, -90.36286502607615
85.1378, -90.34889395703418
85.2397, -90.35769764437569
85.3395, -90.33827211687215
85.4415, -90.35626226057
85.5413, -90.38937178035438
85.641, -90.37272132820848
85.7429, -90.3902330106378
85.8427, -90.38707516626529
85.9426, -90.36554440918009
86.0445, -90.4132948437824
86.1443, -90.40745761630596
86.2446, -90.38535270569848
86.3445, -90.39300808599545
86.4469, -90.45683481922138
86.5469, -90.44544744102966
86.6467, -90.43358160156936
86.7465, -90.44640436356677
86.8485, -90.46477727627949
86.9484, -90.47310250235245
87.0483, -90.48917880097606
87.1501, -90.48420280378303
87.2499, -90.4513803607598
87.3497, -90.48554249533501
87.4515, -90.50123602494378
87.5506, -90.47023173474108
87.6525, -90.52219262850673
87.7523, -90.47970526785858
87.8542, -90.51252771088181
87.954, -90.52075724470104
88.0538, -90.51702524680627
88.1556, -90.5758759828392
88.2556, -90.57013444761647
88.3554, -90.56544552718458
88.4572, -90.59233505047767
88.557, -90.55386676448542
88.6568, -90.53970431093603
88.7587, -90.60496642796767
88.8586, -90.59530151034274
88.9586, -90.56812491028852
89.0605, -90.59960766175979
89.1603, -90.61042088642925
89.2601, -90.57979936524139
89.362, -90.63788456324461
89.4618, -90.61826765123364
89.5616, -90.6385544090206
89.6634, -90.65568332243505
89.7632, -90.68171161544474
89.863, -90.66056362737437
89.9656, -90.65778855201673
90.0656, -90.6647740865377
90.1654, -90.68553930559322
90.2651, -90.63386548858871
90.3671, -90.69845775984435
90.4669, -90.67166392880497
90.5668, -90.71874451763131
90.6687, -90.70630452464873
90.7685, -90.7417106585222
90.8683, -90.73960542894054
90.9705, -90.71855313312388
91.0703, -90.73654327682175
91.1702, -90.74429434937242
91.2721, -90.78563340297603
91.3719, -90.77290633323233
91.4717, -90.78352817339437
91.5737, -90.74831342402832
91.6739, -90.78974816988566
91.7739, -90.775011562814
91.8737, -90.82132661361064
91.9756, -90.8108004657023
92.0754, -90.80649431428526
92.1751, -90.81214015725428
92.277, -90.8211352291032
92.3775, -90.85855090030462
92.4772, -90.82458015023684
92.577, -90.85070413550024
92.6789, -90.87233058483916
92.7789, -90.83510629814516
92.8786, -90.89730626305801
92.9807, -90.87309612286886
93.0805, -90.8623785904531
93.1802, -90.897976108834
93.2822, -90.89108626656673
93.382, -90.90496164335498
93.4818, -90.89386134192438
93.5836, -90.90457887434013
93.6834, -90.89309580389468
93.7831, -90.91529640675587
93.885, -90.97673083363902
93.9849, -90.95692253712062
94.0846, -90.94591792794374
94.1865, -90.96275976459707
94.2863, -90.9598889969857
94.3882, -90.95845361318001
94.4881, -90.97701791040016
94.5879, -90.97864467871327
94.6898, -90.96668314699926
94.7903, -90.99108467169583
94.8901, -90.95481730753896
94.99, -90.99749605269454
95.0898, -91.00524712524522
95.1917, -90.9599846892394
95.2914, -91.04027049010384
95.3934, -90.98869236535303
95.4932, -91.03960064432785
95.593, -91.00917050764741
95.6949, -91.06227970845761
95.7948, -91.06151417042791
95.8946, -91.06754278241176
95.9965, -91.06151417042791
96.0964, -91.04706464011738
96.1961, -91.06763847466549
96.2984, -91.10495845361318
96.3982, -91.08323631202055
96.4982, -91.10782922122455
96.5981, -91.0930926141529
96.7003, -91.07902585285721
96.8001, -91.10601106840402
96.8999, -91.1351972057862
97.0019, -91.14486212341112
97.1017, -91.13041259310059
97.2015, -91.15136919666354
97.3027, -91.18811502208897
97.4026, -91.14725442975391
97.5044, -91.09137015358607
97.6042, -91.13337905296567
97.7041, -91.16859380233171
97.806, -91.17510087558412
97.9058, -91.11998213744597
98.0057, -91.17060333965966
98.1075, -91.16916795585398
98.2072, -91.20007655380297
98.307, -91.18486148546276
98.4088, -91.2074448573388
98.5086, -91.22390392497728
98.6084, -91.21069839396502
98.7104, -91.2002679383104
98.8101, -91.15988580724391
98.9099, -91.20122486084752
99.0118, -91.20620085804055
99.1115, -91.25299437010574
99.2134, -91.26495590181975
99.3133, -91.26562574759573
99.4132, -91.27663035677263
99.5134, -91.24562606656991
99.6154, -91.30170172724519
99.7145, -91.31892633291335
99.8165, -91.30734757021419
99.9164, -91.31500295051116
100.0164, -91.30811310824389
100.1163, -91.28725219693466
100.2181, -91.33146201814964
100.3179, -91.34112693577455
100.4178, -91.3517487759366
100.5197, -91.29146265609799
100.6194, -91.33347155547759
100.7213, -91.34323216535621
100.821, -91.35031339213091
100.9209, -91.38074352881135
101.0229, -91.33155771040335
101.1228, -91.35624631186106
101.2226, -91.35117462241432
101.3244, -91.36916476611219
101.4243, -91.34485893366933
101.5242, -91.38610229501923
101.6241, -91.42600596481715
101.7259, -91.44323057048533
101.8258, -91.36189215483007
101.9257, -91.41480997113284
102.0276, -91.43299149933813
102.1268, -91.44112534090365
102.2287, -91.44744102964866
102.3287, -91.4272499641154
102.4285, -91.45701025501987
102.5304, -91.39720259644982
102.6301, -91.45796717755698
102.7299, -91.45796717755698
102.8318, -91.46016809939236
102.9322, -91.47012009377842
103.0321, -91.45681887051244
103.1318, -91.48294285577583
103.2339, -91.5350951340489
103.3338, -91.48657916141688
103.4337, -91.51949729669384
103.5356, -91.48916285226711
103.6353, -91.53098036713928
103.7352, -91.51796622063445
103.837, -91.54763081928519
103.9369, -91.53920990095853
104.0367, -91.57413757356342
104.1385, -91.60102709685651
104.2384, -91.58150587709926
104.3382, -91.59164925599273
104.4402, -91.61050062997401
104.5396, -91.60045294333425
104.6415, -91.61289293631681
104.7414, -91.61270155180938
104.8411, -91.63796430678937
104.9432, -91.64408861102694
105.0432, -91.64399291877324
105.143, -91.66370552303792
105.2428, -91.59844340600628
105.3446, -91.63710307650597
105.4445, -91.6024624806622
105.5444, -91.65872952584489
105.6463, -91.62102677788234
105.746, -91.67346613291654
105.8479, -91.66026060190428
105.9478, -91.64887322371254
106.0477, -91.66590644487329
106.1475, -91.70140827100047
106.2494, -91.7080110365066
106.3491, -91.71394395623675
106.4493, -91.73040302387523
106.5513, -91.72332179710052
106.6511, -91.75681408589975
106.7509, -91.6985375033891
106.8528, -91.72246056681712
106.9535, -91.73135994641234
107.0535, -91.7096378048197
107.1532, -91.74198178657439
107.2551, -91.73250825345688
107.3559, -91.75059408940847
107.4558, -91.77614392114958
107.5556, -91.78619160778935
107.6575, -91.79078483596753
107.7572, -91.77978022679065
107.857, -91.75499593307923
107.9591, -91.82724358463183
108.059, -91.77212484649368
108.1587, -91.75891931548142
108.2585, -91.81853558954403
108.3605, -91.82092789588684
108.4604, -91.77088084719543
108.5602, -91.8365257332419
108.6621, -91.82934881421349
108.7621, -91.84781741917992
108.8618, -91.8262866620947
108.9638, -91.85432449243234
109.0637, -91.85365464665635
109.1635, -91.87202755936907
109.2654, -91.84475526706113
109.3658, -91.87164479035422
109.4658, -91.89001770306695
109.5656, -91.83805680930129
109.6675, -91.86408510231098
109.7673, -91.8682955614743
109.8671, -91.88867801151497
109.9693, -91.9149933812858
110.0696, -91.89231431715604
110.1698, -91.89221862490231
110.2699, -91.90446723337746
110.3705, -91.9126967671967
110.4706, -91.91097430662988
110.5727, -91.95212197572607
110.6728, -91.92513676017927
110.7728, -91.94025613626577
110.8729, -91.93202660244654
110.973, -91.99623610468733
111.0752, -91.98188226663052
111.1754, -91.99929825680611
111.2754, -91.99279118355369
111.3758, -91.98360472719735
111.476, -91.98858072439036
111.5762, -92.01987209135422
111.6783, -91.9704948884388
111.7792, -92.06121114495782
111.8793, -91.98025549831742
111.9794, -92.02140316741361
112.0794, -91.99154718425544
112.1795, -92.00618809907338
112.2818, -92.01317363359436
112.382, -92.03929761885776
112.4818, -92.06178529848009
112.5815, -92.06293360552463
112.6832, -92.05719207030191
112.7829, -92.11087542463439
112.8831, -92.04704869140843
112.985, -92.06924929426964
113.0849, -92.07671329005917
113.1846, -92.11135388590294
113.2863, -92.10245450630772
113.3859, -92.10991850209726
113.4876, -92.12733449227285
113.5872, -92.13738217891262
113.6868, -92.10369850560598
113.7885, -92.12551633945233
113.8881, -92.1427409451205
113.99, -92.16513293248912
114.0897, -92.14790832682095
114.1893, -92.15317140077511
114.2904, -92.15259724725284
114.3922, -92.15977416628124
114.4918, -92.19307507057304
114.5914, -92.20360121848137
114.6931, -92.22226120795523
114.7926, -92.19862522128834
114.8944, -92.16675970080223
114.9942, -92.18025230857563
115.0958, -92.17010892968214
115.1951, -92.19393630085645
115.2971, -92.22360089950719
115.3968, -92.16408031769829
115.4967, -92.23939012136968
115.5966, -92.1911612254988
115.6985, -92.23450981643036
115.7983, -92.25527503548588
115.9001, -92.23546673896749
115.9999, -92.25116026857627
116.0997, -92.25450949745618
116.2017, -92.27891102215276
116.3014, -92.27135133410951
116.4011, -92.30647039122184
116.5026, -92.32647007224766
116.6027, -92.31661377011531
116.7022, -92.27814548412307
116.8045, -92.28723624822571
116.9046, -92.29479593626897
117.0048, -92.28580086442003
117.1049, -92.33709191240969
117.2072, -92.31182915742971
117.3073, -92.31010669686289
117.4078, -92.32484330393456
117.5079, -92.3490534441237
117.608, -92.29374332147813
117.708, -92.38005773432641
117.8101, -92.35441221033157
117.9101, -92.38646911532511
118.0103, -92.38254573292292
118.1104, -92.35603897864469
118.2105, -92.35431651807787
118.3126, -92.3736463533277
118.4131, -92.40618171958981
118.5132, -92.39756941675572
118.6133, -92.38512942377315
118.7133, -92.39881341605397
118.8154, -92.40589464282867
118.9154, -92.40264110620245
119.0156, -92.38933988293648
119.1151, -92.4165164829907
119.2172, -92.45402784644584
119.3172, -92.44694661967114
119.4177, -92.41862171257237
119.5179, -92.4925918246918
119.618, -92.47153952887514
119.7201, -92.52082103953686
119.8201, -92.46206599575765
119.9201, -92.47929060142582
120.0205, -92.4846493676337
120.1207, -92.51948134798488
120.2229, -92.52838072758011
120.3232, -92.48608475143938
120.4237, -92.557662557216
120.5238, -92.53986379802555
120.624, -92.5584280952457
120.7242, -92.52589272898359
120.8242, -92.51211304444905
120.9263, -92.55680132693259
121.0265, -92.55115548396358
121.1266, -92.54608379451683
121.2267, -92.55268656002298
121.3268, -92.58656161783703
121.4293, -92.557662557216
121.5289, -92.57182501076538
121.629, -92.63153697708171
121.7291, -92.63909666512497
121.8291, -92.60034130237158
121.9315, -92.65584280952457
122.0316, -92.54799763959107
122.1318, -92.65316342642063
122.2318, -92.62952743975376
122.3318, -92.63967081864723
122.4343, -92.58790130938901
122.5345, -92.66598618841806
122.6346, -92.65718250107655
122.7346, -92.67718218210237
122.8346, -92.68053141098228
122.9347, -92.64962281303329
123.0373, -92.70560278145484
123.1374, -92.69306709621857
123.2375, -92.69478955678538
123.3376, -92.74799444984929
123.4382, -92.71172708569242
123.5383, -92.71746862091514
123.6384, -92.73823383997066
123.7406, -92.72885599910688
123.8407, -92.73000430615143
123.9414, -92.7464633737899
124.0416, -92.72464553994355
124.1416, -92.73899937800036
124.2417, -92.75469290760914
124.3438, -92.78024273935026
124.4442, -92.7694295146808
124.5445, -92.81354364364205
124.6446, -92.80387872601713
124.7447, -92.78847227316949
124.8447, -92.8210076394316
124.9468, -92.80311318798744
125.0471, -92.80952456898615
125.1472, -92.8194765633722
125.2474, -92.84072024369628
125.3474, -92.83316055565302
125.4501, -92.84052885918885
125.5482, -92.82789748169886
125.6503, -92.84827993173953
125.7504, -92.83507440072727
125.8504, -92.86741838248194
125.9505, -92.83794516833863
126.0527, -92.82368702253554
126.1528, -92.89995374874404
126.2528, -92.86981068882474
126.3536, -92.8789014529274
126.4544, -92.85612669654392
126.5547, -92.90416420790737
126.6548, -92.92454665794804
126.7548, -92.93239342275244
126.8569, -92.91392481778601
126.957, -92.89937959522177
127.0571, -92.89574328958071
127.1571, -92.90617374523534
127.2572, -92.94349372418303
127.3594, -92.96445032774598
127.4598, -92.94990510518174
127.56, -92.96598140380537
127.66, -92.93344603754326
127.7601, -92.93028819317077
127.8601, -92.97928262707134
127.9624, -93.0336358271798
128.0625, -93.0058850736033
128.1621, -92.96512017352195
128.2638, -93.01727245179504
128.3635, -93.02071737292867
128.4632, -93.01287060812427
128.5638, -93.00779891867754
128.6655, -93.02760721519593
128.7658, -93.03679367155229
128.8655, -93.01679399052647
128.9673, -93.04492751311781
129.0672, -93.07698441811137
129.1669, -93.01870783560071
129.2685, -93.02741583068851
129.3682, -93.0947831773018
129.4699, -93.06607550118818
129.5695, -93.05133889411653
129.6691, -93.08942441109393
129.7708, -93.09727117589831
129.8704, -93.11392162804421
129.9722, -93.08062072375242
130.0722, -93.15918406405002
130.1718, -93.10760593929922
130.2735, -93.10358686464332
130.3731, -93.12511762172852
130.4748, -93.13822746048707
130.5745, -93.14195945838185
130.6763, -93.12502192947481
130.7759, -93.12904100413073
130.8756, -93.17573882394221
130.9779, -93.16081083236313
131.0778, -93.12540469848966
131.1776, -93.16052375560199
131.2768, -93.14368191894867
131.3787, -93.18884866270076
131.4788, -93.20387234653356
131.5807, -93.1930591218641
131.6805, -93.16741359786926
131.7803, -93.16320313870592
131.8821, -93.14349053444124
131.9822, -93.20808280569689
132.082, -93.21334587965104
132.1838, -93.21899172262006
132.2836, -93.22473325784279
132.3833, -93.1795665140907
132.4851, -93.26234031355162
132.5851, -93.23583355927339
132.6848, -93.24243632477952
132.7867, -93.22387202755938
132.8864, -93.25535477903064
132.9865, -93.26913446356518
133.0885, -93.25487631776208
133.1883, -93.2764070748473
133.2881, -93.28367968612942
133.39, -93.29640675587312
133.4898, -93.3201384347937
133.5897, -93.33286550453741
133.691, -93.31229166998932
133.7908, -93.26903877131147
133.8926, -93.27841661217525
133.9928, -93.34157349962521
134.0926, -93.301765522081
134.1924, -93.34760211160908
134.2943, -93.33401381158195
134.3941, -93.30884674885569
134.4939, -93.32157381859939
134.5959, -93.34367872920687
134.6956, -93.29812921643993
134.7975, -93.33583196440249
134.8972, -93.34980303344445
134.9973, -93.39248177860003
135.097, -93.36501810178467
135.1989, -93.35870241303967
135.2987, -93.38061593913973
135.3985, -93.36061625811391
135.5005, -93.37851070955807
135.6003, -93.38396516801966
135.7001, -93.39449131592798
135.8024, -93.39898885185245
135.9026, -93.44166759700802
136.0029, -93.40530454059744
136.1025, -93.41257715187956
136.2047, -93.44712205546962
136.3048, -93.44176328926174
136.4051, -93.43305529417394
136.5053, -93.43707436882985
136.605, -93.47305465622559
136.7067, -93.47764788440377
136.8064, -93.49248018372913
136.9082, -93.45554297379627
137.0079, -93.44884451603643
137.1076, -93.48501618793959
137.2093, -93.46042327873559
137.3089, -93.47535127031468
137.4106, -93.5009967943095
137.5104, -93.46788727452514
137.6101, -93.50654694502481
137.7124, -93.53018293169168
137.8126, -93.5072167908008
137.9127, -93.5214749366039
138.0129, -93.541378925376
138.1129, -93.55429737962713
138.2151, -93.52759924084145
138.3152, -93.54673769158387
138.4154, -93.54463246200221
138.5152, -93.5652062965503
138.6154, -93.56491921978916
138.7158, -93.53678569719781
138.8181, -93.55994322259613
138.9181, -93.58156967193506
139.0183, -93.58118690292021
139.1184, -93.55534999441795
139.2185, -93.56195275992408
139.3206, -93.5532447648363
139.4207, -93.56472783528174
139.5211, -93.6080764262133
139.6213, -93.56807706416166
139.7215, -93.6112342705858
139.8215, -93.57544536769748
139.9236, -93.62271734103125
140.0237, -93.6326693354173
140.1238, -93.63860225514745
140.2238, -93.65027671010033
140.3238, -93.66051578124751
140.4259, -93.63563579528238
140.5264, -93.64252563754964
140.6265, -93.64367394459418
140.7266, -93.68242930734758
140.8267, -93.66405639463485
140.9296, -93.6770705411397
141.0277, -93.68941484186855
141.1298, -93.68587422848121
141.2297, -93.68070684678077
141.3295, -93.68242930734758
141.4292, -93.73276343280013
141.5313, -93.72443820672717
141.6311, -93.72721328208482
141.731, -93.68463022918296
141.8328, -93.70233329611969
141.9326, -93.69821852921007
142.0327, -93.74539481029011
142.1345, -93.75180619128882
142.2344, -93.76242803145085
142.3342, -93.7358255849189
142.436, -93.731806510263
142.5358, -93.75678218848185
142.6359, -93.7778344842985
142.7378, -93.756399419467
142.8376, -93.7849157110732
142.9374, -93.78682955614744
143.0375, -93.76702125962903
143.1394, -93.78539417234175
143.2391, -93.80864738999378
143.3396, -93.80233170124879
143.4414, -93.8016618554728
143.5412, -93.82654184143794
143.6412, -93.83544122103316
143.7414, -93.8397473724502
143.8433, -93.86567997320617
143.9432, -93.84874244429913
144.0434, -93.8381206041371
144.1432, -93.83352737595892
144.2452, -93.8531442879699
144.345, -93.84979505908997
144.4448, -93.86338335911708
144.5467, -93.87046458589178
144.6466, -93.88874180635078
144.7463, -93.85869443868519
144.8483, -93.90701902680979
144.9481, -93.88395719366518
145.0482, -93.90242579863161
145.1501, -93.87965104224814
145.25, -93.95113315577105
145.3501, -93.95199438605445
145.4503, -93.92749716910417
145.553, -93.97744852554186
145.6511, -93.94309500645923
145.754, -93.93936300856446
145.8541, -93.93831039377363
145.9541, -93.99055836430041
146.0543, -93.95275992408415
146.1544, -93.97151560581172
146.2544, -93.97170699031913
146.3566, -93.97917098610868
146.4568, -93.97563037272134
146.5578, -93.96070238114226
146.658, -94.03228018691887
146.7581, -94.02998357282978
146.8583, -93.98912298049474
146.9583, -94.0419451045438
147.0585, -94.00979250729654
147.1607, -94.00854850799828
147.2607, -94.03017495733721
147.3608, -94.05361955949667
147.4608, -94.07821246870067
147.5611, -94.06366724613643
147.6613, -94.05122725315387
147.7634, -94.06759062853862
147.8634, -94.09792507296535
147.9634, -94.06242324683818
148.0635, -94.0762029313727
148.1655, -94.08749461731074
148.2657, -94.11438414060382
148.3658, -94.14079520262835
148.4659, -94.12156105963223
148.5664, -94.11007798918678
148.6666, -94.11132198848503
148.7687, -94.10931245115708
148.8687, -94.10979091242564
148.9688, -94.15371365687948
149.069, -94.15955088435592
149.1691, -94.19361732667741
149.2713, -94.17170380057735
149.3714, -94.192756096394
149.4714, -94.17801948932234
149.5718, -94.17342626114417
149.672, -94.18299548651537
149.7741, -94.1831868710228
149.8741, -94.17304349212932
149.9743, -94.20538747388399
150.0745, -94.20816254924165
150.1747, -94.22902346055088
150.2748, -94.1974450168259
150.3771, -94.19840193936301
150.4771, -94.20299516754119
150.5775, -94.21428685347922
150.6771, -94.24471699015965
150.7793, -94.27390312754183
150.8794, -94.26050621202214
150.9794, -94.2767738951532
151.0796, -94.26500374794661
151.1796, -94.23304253520678
151.2817, -94.20490901261543
151.3819, -94.23055453661027
151.482, -94.2403151464889
151.5826, -94.2713194366916
151.6828, -94.22222931053732
151.7828, -94.28663019728553
151.8828, -94.25486036905313
151.985, -94.33591170794725
152.0853, -94.31218002902665
152.1854, -94.33103140300793
152.2854, -94.29878311350697
152.3854, -94.24366437536882
152.4875, -94.2840465064353
152.5879, -94.26012344300729
152.688, -94.32433294524809
152.788, -94.33208401779876
152.8879, -94.32375879172581
152.99, -94.33744278400664
153.0898, -94.3093092614153
153.1899, -94.34481108754247
153.292, -94.32959601920226
153.3919, -94.36854276646307
153.4919, -94.37304030238752
153.5923, -94.40557566864963
153.6924, -94.3356246311861
153.7944, -94.33380647836559
153.8944, -94.36452369180715
153.9944, -94.36366246152375
154.0945, -94.41839843064704
154.1966, -94.36461938406086
154.2974, -94.39437967496532
154.3977, -94.3870113714295
154.4978, -94.35294492910799
154.5983, -94.34758616290011
154.6984, -94.33906955231974
154.7984, -94.40720243696273
154.8984, -94.44289564759734
155.0007, -94.42394858136234
155.1011, -94.37237045661155
155.2011, -94.4181113538859
155.301, -94.42701073348113
155.401, -94.45504856381876
155.5026, -94.49744023221321
155.603, -94.45504856381876
155.7032, -94.48528731599177
155.8033, -94.3911261383391
155.9054, -94.4196424299453
156.0055, -94.44835010605892
156.1055, -94.4727516307555
156.2054, -94.45208210395369
156.3056, -94.47935439626163
156.4076, -94.50126792236169
156.5078, -94.45638825537074
156.6078, -94.43973780322483
156.7076, -94.44854149056634
156.8095, -94.47246455399436
156.9092, -94.42375719685492
157.0093, -94.48413900894722
157.1113, -94.42930734757022
157.2111, -94.48854085261799
157.3109, -94.47428270681489
157.4127, -94.47610085963542
157.5125, -94.51753560549274
157.6123, -94.47925870400792
157.7141, -94.49849284700404
157.8143, -94.53801374778712
157.9151, -94.48528731599177
158.0152, -94.51830114352244
158.1154, -94.4854787004992
158.2155, -94.48672269979745
158.3178, -94.46863686384587
158.4179, -94.51782268225388
158.5179, -94.4775362434411
158.6183, -94.47083778568125
158.7184, -94.51456914562766
158.8184, -94.4886365448717
158.9205, -94.4410774947768
159.0206, -94.48500023923064
159.1207, -94.44155595604536
159.2207, -94.48337347091754
159.3229, -94.42643657995886
159.4231, -94.43638857434492
159.5232, -94.46710578778648
159.6234, -94.48241654838041
159.724, -94.43122119264446
159.8234, -94.46528763496596
159.9254, -94.44366118562704
160.0253, -94.4601202532655
160.1252, -94.43610149758378
160.2271, -94.48940208290139
160.327, -94.44720179901438
160.4261, -94.47590947512799
160.5281, -94.44299133985105
160.6278, -94.44394826238816
160.7298, -94.46126856031005
160.8297, -94.46844547933846
160.9294, -94.46136425256375
161.0313, -94.42720211798856
161.1312, -94.42423565812348
161.2311, -94.42949873207765
161.331, -94.45361318001308
161.4328, -94.43954641871741
161.5327, -94.45543133283361
161.6325, -94.43217811518159
161.7345, -94.419738122199
161.8342, -94.4275848870034
161.934, -94.42882888630166
162.0359, -94.42863750179424
162.136, -94.42213042854182
162.236, -94.37313599464125
162.3359, -94.42969011658506
162.4378, -94.40796797499243
162.5376, -94.45351748775937
162.6374, -94.44117318703051
162.7393, -94.37189199534298
162.8385, -94.46337378989172
162.9404, -94.4481587215515
163.0404, -94.4187811996619
163.1401, -94.43610149758378
163.2419, -94.4220347362881
163.3419, -94.43753688138946
163.4417, -94.39074336932426
163.5435, -94.41935535318416
163.6433, -94.4410774947768
163.7432, -94.41868550740818
163.8452, -94.4156233552894
163.945, -94.36385384603116
164.0451, -94.43198673067415
164.147, -94.43724980462832
164.2471, -94.41945104543788
164.3469, -94.42260888981038
164.4468, -94.3609830784198
164.5486, -94.43466611377809
164.6484, -94.43131688489817
164.7483, -94.45648394762445
164.8502, -94.4711248624424
164.95, -94.43782395815059
165.0499, -94.43744118913574
165.1517, -94.4417473405528
165.2509, -94.4728473230092
165.3528, -94.40107813272516
165.4526, -94.43303934546499
165.5525, -94.47744055118739
165.6543, -94.44959410535718
165.7542, -94.44031195674711
165.854, -94.47456978357603
165.9558, -94.43169965391301
166.0558, -94.48203377936557
166.1555, -94.42949873207765
166.2574, -94.43179534616674
166.3572, -94.44356549337331
166.4591, -94.42270458206409
166.5594, -94.49064608219965
167.665, -94.44892425958119
167.7649, -94.45141225817771
167.8647, -94.42882888630166
167.9666, -94.48595716176776
168.0665, -94.45954609974324
168.1664, -94.39715475032297
168.2684, -94.46232117510088
168.3682, -94.43925934195627
168.468, -94.42538396516802
168.5699, -94.46490486595111
168.6697, -94.44433103140301
168.7695, -94.45887625396725
168.8714, -94.41705873909507
168.9711, -94.43811103491173
169.0711, -94.48423470120095
169.1731, -94.43064703912219
169.2729, -94.4537088722668
169.3727, -94.46117286805634
169.4746, -94.4728473230092
169.5744, -94.46557471172709
169.6741, -94.42777627151082
169.7761, -94.48327777866382
169.876, -94.43619718983749
169.976, -94.50806207237525
170.0769, -94.51657868295563
170.1767, -94.46988086314414
170.2785, -94.48834946811056
170.3783, -94.46117286805634
170.4782, -94.49275131178132
170.5801, -94.49485654136298
170.6798, -94.44882856732748
170.7797, -94.52882729143076
170.8816, -94.5283488301622
170.9814, -94.46662732651792
171.0813, -94.50002392306344
171.1832, -94.47897162724678
171.2829, -94.48423470120095
171.3828, -94.50662668856957
171.4846, -94.50394730546563
171.5844, -94.46634024975678
171.6842, -94.48509593148435
171.7862, -94.55064512527711
171.886, -94.45390025677422
171.9858, -94.55016666400856
172.0877, -94.54729589639719
172.1875, -94.4537088722668
172.2894, -94.4964833096761
172.3891, -94.50155499912283
172.5092, -94.45897194622096
172.601, -94.49112454346822
172.7022, -94.5292100604456
172.8042, -94.46777563356247
172.9041, -94.5298799062216
173.0039, -94.54040605412992
173.106, -94.45964179199694
173.2058, -94.52940144495304
173.3058, -94.51868391253728
173.4077, -94.469593786383
173.5075, -94.5084448413901
173.6073, -94.49772730897435
173.7091, -94.51705714422418
173.809, -94.47074209342755
173.9088, -94.4814596258433
174.0108, -94.51897098929842
174.1109, -94.4687325560996
174.2108, -94.52423406325258
174.3106, -94.51447345337395
174.4125, -94.44059903350825
174.5123, -94.52222452592463
174.6121, -94.5100716097032
174.7132, -94.56337219502082
174.8152, -94.46624455750307
174.915, -94.50700945758442
175.0149, -94.53007129072903
175.1148, -94.48366054767867
175.2167, -94.52232021817835
175.3165, -94.4617470215786
175.4163, -94.51055007097176
175.5183, -94.50232053715253
175.6182, -94.4679670180699
175.718, -94.5021291526451
175.82, -94.49045469769223
175.9199, -94.49562207939267
176.0206, -94.53351621186266
176.1209, -94.49437808009442
176.2209, -94.54490359005439
176.3231, -94.46614886524937
176.4232, -94.50748791885297
176.5239, -94.5528460471125
176.624, -94.53609990271288
176.7244, -94.53676974848887
176.8246, -94.48088547232102
176.9247, -94.53447313439978
177.0268, -94.5346645189072
177.1263, -94.51456914562766
177.2264, -94.55753496754438
177.3286, -94.5552383534553
177.4286, -94.54911404921772
177.5287, -94.54002328511507
177.6287, -94.53810944004083
177.7291, -94.58442449083748
177.8296, -94.55064512527711
177.9297, -94.53715251750371
178.0319, -94.50834914913638
178.132, -94.59705586832746
178.232, -94.56413773305052
178.332, -94.49303838854246
178.4341, -94.5369611329963
178.534, -94.50471284349533
178.6341, -94.56691280840816
178.7345, -94.49342115755731
178.8347, -94.53303775059409
178.9369, -94.53801374778712
179.0369, -94.5022248448988
179.1369, -94.56212819572256
179.2369, -94.50002392306344
179.3389, -94.52633929283425
179.439, -94.52002360408926
179.5384, -94.54538205132295
179.6406, -94.56298942600597
179.741, -94.5315066745347
179.8411, -94.57619495701823
179.9411, -94.58404172182263
180.0411, -94.59686448382004
180.1412, -94.55791773655923
180.2434, -94.5354300569369
180.3434, -94.53772667102598
180.4433, -94.54968820274
180.5433, -94.54251128371159
180.6454, -94.56002296614089
180.7458, -94.59054879507505
180.8459, -94.54203282244303
180.9459, -94.57916141688331
181.046, -94.53093252101243
181.1482, -94.53715251750371
181.2481, -94.58126664646497
181.3481, -94.56605157812476
181.4481, -94.57054911404923
181.5502, -94.579926954913
181.6502, -94.58585987464315
181.7506, -94.56538173234877
181.8508, -94.57150603658634
181.9515, -94.56337219502082
182.052, -94.59074017958247
182.1521, -94.59724725283489
182.2542, -94.58337187604664
182.3542, -94.58892202676194
182.4542, -94.61284509018995
182.5542, -94.57763034082392
182.6563, -94.54308543723386
182.7569, -94.60107494298337
182.8571, -94.5680611154527
182.9571, -94.56786973094529
183.0573, -94.6005007894611
183.1572, -94.60002232819254
183.2591, -94.54662605062121
183.3592, -94.56748696193044
183.4591, -94.5663386548859
183.5589, -94.57475957321256
183.6608, -94.59992663593883
183.7608, -94.56662573164702
183.8608, -94.62126600851661
183.9629, -94.61868231766638
184.0629, -94.60748632398207
184.163, -94.61896939442752
184.2628, -94.55428143091817
184.3653, -94.62471092965025
184.4652, -94.58978325704535
184.565, -94.62126600851661
184.6648, -94.67437520932681
184.7667, -94.60873032328034
184.8667, -94.62442385288911
184.9665, -94.65829891070318
185.0686, -94.60806047750435
185.1685, -94.64643307124288
185.2684, -94.62059616274063
185.3702, -94.6505478381525
185.4699, -94.59447217747724
185.5698, -94.58949618028421
185.6722, -94.66298783113507
185.772, -94.61992631696465
185.8719, -94.66604998325386
185.9718, -94.62289277682972
186.0739, -94.60260601904277
186.1738, -94.61629001132358
186.2737, -94.63514138530486
186.3736, -94.63504569305115
186.4755, -94.64260538109441
186.5755, -94.65695921915122
186.6754, -94.63351461699176
186.7779, -94.6512176839285
186.8777, -94.66260506212022
186.9777, -94.65179183745076
187.0779, -94.6528444522416
187.1798, -94.63762938390138
187.2795, -94.64959091561539
187.3793, -94.68920750865217
187.4812, -94.6655715219853
187.581, -94.66987767340234
187.6808, -94.68576258751854
187.7827, -94.6267204669782
187.8826, -94.64059584376645
187.9824, -94.67896843750499
188.0846, -94.62212723880002
188.1844, -94.65552383534553
188.2843, -94.61820385639783
188.3841, -94.64346661137782
188.486, -94.63648107685684
188.5858, -94.69820258050112
188.6877, -94.67715028468446
188.7874, -94.6964801199343
188.8874, -94.7194462608252
188.9893, -94.64748568603372
189.0892, -94.70193457839588
189.1897, -94.69035581569672
189.2895, -94.69313089105438
189.3913, -94.70346565445527
189.4911, -94.69322658330809
189.591, -94.63954322897563
189.6928, -94.68174351286264
189.7928, -94.67954259102726
189.8928, -94.68040382131068
189.9926, -94.63887338319964
190.0947, -94.68337028117574
190.1945, -94.68241335863863
190.2944, -94.67877705299756
190.3963, -94.70423119248497
190.4961, -94.6512176839285
190.5959, -94.68002105229583
190.6979, -94.66624136776129
190.7977, -94.68365735793688
190.8976, -94.68021243680325
190.9995, -94.68815489386135
191.0995, -94.63963892122933
191.1994, -94.71485303264701
191.3012, -94.69734135021771
191.401, -94.746431476372
191.5008, -94.69112135372642
191.6035, -94.72002041434746
191.7015, -94.67179151847658
191.8033, -94.67514074735651
191.9032, -94.68624104878711
192.003, -94.6957145819046
192.1052, -94.6870065868168
192.205, -94.66738967480583
192.3048, -94.68327458892203
192.4067, -94.70470965375354
192.5065, -94.66308352338879
192.6063, -94.68710227907052
192.7083, -94.70078627135133
192.8081, -94.69638442768058
192.9079, -94.74499609256631
193.0099, -94.69848965726224
193.1098, -94.69514042838233
193.2096, -94.69188689175611
193.3117, -94.73112071577806
193.4115, -94.70116904036618
193.5117, -94.71054688122997
193.6116, -94.70834595939459
193.7137, -94.69035581569672
193.8134, -94.69504473612862
193.9133, -94.68892043189105
194.0159, -94.70384842347012
194.116, -94.74068994114927
194.2158, -94.69686288894914
194.3156, -94.6900687389356
194.4176, -94.67868136074385
194.5174, -94.73523548268768
194.6172, -94.74068994114927
194.7191, -94.7027958086793
194.8192, -94.7488237827148
194.9191, -94.70069057909762
195.0191, -94.73169486930034
195.1211, -94.74336932425321
195.2208, -94.71542718616928
195.3206, -94.74978070525192
195.4225, -94.71619272419898
195.5223, -94.70796319037974
195.6221, -94.75341701089297
195.7241, -94.7115994960208
195.8238, -94.68308320441461
195.9238, -94.67447090158052
196.0258, -94.75255578060957
196.1258, -94.71494872490072
196.2256, -94.75934993062312
196.3276, -94.70002073332164
196.4279, -94.72681456436102
196.528, -94.71829795378065
196.628, -94.7210730291383
196.7298, -94.73437425240428
196.8298, -94.69389642908408
196.9298, -94.70116904036618
197.0298, -94.74604870735715
197.1317, -94.78442130109568
197.2315, -94.72260410519769
197.3312, -94.72480502703307
197.433, -94.74690993764055
197.5328, -94.72423087351079
197.6326, -94.73638378973223
197.7345, -94.7330345608523
197.8343, -94.72403948900337
197.9364, -94.74222101720866
198.0364, -94.71236503405049
198.1364, -94.76088100668251
198.2362, -94.74576163059601
198.338, -94.75533085596722
198.4378, -94.75265147286328
198.5377, -94.69896811853081
198.6397, -94.74145547917897
198.7395, -94.75265147286328
198.8399, -94.74557024608859
198.9398, -94.74442193904405
199.0419, -94.74097701791041
199.1417, -94.73179056155405
199.2415, -94.73131210028549
199.3434, -94.76336900527903
199.4431, -94.71906349181035
199.5429, -94.73820194255275
199.6449, -94.75073762778904
199.7446, -94.76490008133842
199.8444, -94.76107239118994
199.9465, -94.7623163904882
200.0465, -94.74528316932745
200.1465, -94.7513117813113
200.2485, -94.75561793272836
200.3483, -94.7258576418239
200.4481, -94.79982775394332
200.5499, -94.74356070876063
200.6498, -94.75446962568381
200.7496, -94.75896716160827
200.8516, -94.7147573403933
200.9515, -94.73150348479291
201.0514, -94.69743704247142
201.1533, -94.75073762778904
201.2537, -94.764708696831
201.354, -94.72470933477935
201.4539, -94.73676655874708
201.5538, -94.75456531793752
201.6557, -94.69705427345657
201.7555, -94.75781885456372
201.8554, -94.71963764533261
201.9574, -94.69992504106793
202.0573, -94.73427856015056
202.1574, -94.74384778552177
202.2574, -94.71992472209375
202.3593, -94.73657517423965
202.4592, -94.66681552128355
202.5591, -94.69293950654695
202.6611, -94.72853702492783
202.7608, -94.75159885807244
202.8606, -94.71762810800466
202.9626, -94.7051881150221
203.0624, -94.72365671998853
203.1622, -94.73255609958375
203.2641, -94.74518747707374
203.3641, -94.71820226152694
203.4639, -94.72298687421254
203.5658, -94.76777084894978
203.6663, -94.6949490438749
203.766, -94.71772380025837
203.8658, -94.72949394746496
203.9678, -94.68882473963733
204.0677, -94.71150380376709
204.1677, -94.75121608905759
204.2697, -94.7059536530518
204.3696, -94.79245945040749
204.4694, -94.75896716160827
204.5712, -94.74308224749207
204.671, -94.72384810449594
204.7708, -94.76576131162183
204.8726, -94.75427824117638
204.9725, -94.71293918757277
205.0728, -94.76202931372706
205.1748, -94.71848933828807
205.2746, -94.76308192851789
205.3743, -94.7194462608252
205.4763, -94.68758074033907
205.5762, -94.77954099615637
205.6758, -94.73887178832874
205.7777, -94.73705363550822
206.8838, -94.72624041083874
206.9839, -94.71848933828807
207.0843, -94.74901516722223
207.1843, -94.70547519178324
207.2844, -94.71925487631776
207.3862, -94.72643179534617
207.4862, -94.72939825521125
207.586, -94.67944689877355
207.6879, -94.70882442066315
207.7877, -94.7504505510279
207.8875, -94.72863271718155
207.9895, -94.76509146584584
208.0899, -94.74432624679032
208.19, -94.77236407712796
208.2903, -94.72222133618284
208.3904, -94.7648043890847
208.4932, -94.79245945040749
208.5932, -94.73408717564314
208.6932, -94.75150316581873
208.7931, -94.79695698633196
208.8935, -94.69351366006923
208.9934, -94.73246040733004
209.0955, -94.7655699271144
209.1961, -94.75092901229647
209.2961, -94.74442193904405
209.3961, -94.73561825170253
209.496, -94.74068994114927
209.5981, -94.7354268671951
209.6981, -94.7282499481667
209.7981, -94.78174191799174
209.8985, -94.78710068419961
210.0007, -94.77695730530614
210.1007, -94.79705267858567
210.201, -94.78030653418607
210.301, -94.78001945742493
210.401, -94.76097669893623
210.5032, -94.75341701089297
210.6032, -94.74671855313314
210.7032, -94.76107239118994
210.8031, -94.72987671647981
210.9057, -94.78394283982712
211.0057, -94.77934961164894
211.1062, -94.70892011291687
211.206, -94.72796287140557
211.3059, -94.76700531092008
211.4078, -94.74719701440169
211.5076, -94.79456467998916
211.6074, -94.75198162708729
211.7093, -94.78030653418607
211.8092, -94.76958900177031
211.9091, -94.78509114687166
212.0112, -94.78193330249917
212.1114, -94.79466037224287
212.2114, -94.79140683561666
212.3112, -94.7576274700563
212.4131, -94.71102534249853
212.513, -94.73006810098722
212.6129, -94.76040254541395
212.7147, -94.72490071928678
212.8146, -94.69370504457665
212.9144, -94.74662286087941
213.0164, -94.70834595939459
213.1166, -94.70825026714088
213.2166, -94.75896716160827
213.3172, -94.71686256997496
213.417, -94.72442225801822
213.519, -94.70729334460376
213.6188, -94.73772348128419
213.7188, -94.74135978692526
213.8207, -94.76365608204017
214.9247, -94.76040254541395
215.0267, -94.7504505510279
215.1269, -94.72710164112216
215.2269, -94.73073794676321
215.3269, -94.68825058611506
215.4287, -94.75781885456372
215.5285, -94.71083395799111
215.6284, -94.70882442066315
215.731, -94.71083395799111
215.831, -94.69676719669543
215.931, -94.71447026363217
216.0311, -94.71887210730291
216.1311, -94.70346565445527
216.2331, -94.73150348479291
216.333, -94.75092901229647
216.4328, -94.71226934179678
216.5348, -94.70231734741073
216.6355, -94.72097733688459
216.7354, -94.69724565796399
216.8353, -94.74097701791041
216.9372, -94.73580963620995
217.0378, -94.75504377920608
217.1378, -94.73571394395624
217.2377, -94.70738903685748
217.3376, -94.75121608905759
217.4395, -94.74049855664184
217.5394, -94.71380041785618
217.6392, -94.709207189678
217.7411, -94.71580995518413
217.8408, -94.72231702843655
217.9407, -94.74145547917897
218.0428, -94.7234653354811
218.1434, -94.72231702843655
218.2432, -94.72643179534617
218.3431, -94.72537918055534
218.445, -94.72719733337587
218.5449, -94.68279612765348
218.6448, -94.72164718266058
218.7466, -94.73820194255275
218.8464, -94.76145516020479
218.9462, -94.78786622222931
219.0484, -94.74260378622351
219.1484, -94.71858503054179
219.2484, -94.721168721392
219.3482, -94.72863271718155
219.4502, -94.74690993764055
219.55, -94.7226997974514
219.6498, -94.7648043890847
219.7517, -94.7329388685986
219.8515, -94.7639431588013
219.9534, -94.76623977289039
220.0533, -94.72557056506277
220.1531, -94.73159917704662
220.2552, -94.70892011291687
220.355, -94.71896779955664
220.455, -94.72537918055534
220.5555, -94.72260410519769
220.6554, -94.7027958086793
220.7572, -94.67782013046045
220.857, -94.69265242978581
220.959, -94.71925487631776
221.0591, -94.67858566849014
221.1593, -94.7305465622558
221.2591, -94.73868040382132
221.361, -94.73944594185102
221.4608, -94.71695826222867
221.5608, -94.71676687772126
221.6609, -94.71801087701951
221.7629, -94.74155117143268
221.8628, -94.70863303615573
221.9626, -94.68872904738362
222.0648, -94.70155180938103
222.1649, -94.69514042838233
222.2648, -94.72202995167542
222.3648, -94.67523643961022
222.4668, -94.68949458541331
222.5667, -94.68451858822029
222.6666, -94.69992504106793
222.7685, -94.68155212835522
222.8684, -94.7044225769924
222.9691, -94.7489194749685
223.069, -94.68671951005567
223.1692, -94.73179056155405
223.2712, -94.70174319388846
223.3711, -94.70700626784263
223.471, -94.68308320441461
223.5729, -94.7179151847658
223.6727, -94.69150412274126
223.7725, -94.68337028117574
223.8744, -94.71466164813958
223.9742, -94.68710227907052
224.0742, -94.70729334460376
224.1763, -94.73399148338943
224.2761, -94.7305465622558
224.3761, -94.76116808344365
224.4781, -94.72939825521125
224.578, -94.70652780657406
224.6779, -94.71437457137846
224.7779, -94.70088196360506
224.8802, -94.72758010239072
224.9804, -94.71686256997496
225.0808, -94.71322626433391
225.1809, -94.73179056155405
225.2807, -94.75934993062312
225.3833, -94.73236471507632
225.4833, -94.75791454681745
225.5832, -94.71389611010989
225.6831, -94.7321733305689
225.7851, -94.74432624679032
225.8848, -94.72403948900337
225.9847, -94.71274780306534
226.0868, -94.68537981850369
226.187, -94.71064257348368
226.2868, -94.70451826924611
226.3866, -94.70384842347012
226.4885, -94.71226934179678
226.589, -94.71016411221512
226.689, -94.72002041434746
226.789, -94.72231702843655
226.891, -94.7203074911086
226.991, -94.71858503054179
227.0912, -94.76432592781615
227.1911, -94.7226997974514
227.2931, -94.69743704247142
227.393, -94.72145579815314
227.4928, -94.71820226152694
227.5948, -94.76777084894978
227.6946, -94.73820194255275
227.7952, -94.72939825521125
227.895, -94.7187764150492
227.9976, -94.74748409116283
228.0977, -94.73954163410473
228.1977, -94.70566657629065
228.2976, -94.70537949952951
228.3975, -94.71150380376709
228.4994, -94.70509242276839
228.5992, -94.6964801199343
228.699, -94.7060493453055
228.8009, -94.73437425240428
228.9008, -94.70901580517058
229.0007, -94.72528348830163
229.1028, -94.71121672700595
229.2029, -94.7075804213649
229.3029, -94.7369579432545
229.4028, -94.76585700387554
229.5046, -94.73360871437458
229.6045, -94.7361924052248
229.7044, -94.72145579815314
229.8062, -94.72691025661473
229.9062, -94.70212596290331
230.006, -94.7425080939698
230.1084, -94.76135946795108
230.2094, -94.73207763831519
230.3094, -94.7726511538891
230.4094, -94.73772348128419
230.5094, -94.703561346709
230.6094, -94.75006778201305
230.7114, -94.71781949251209
230.8114, -94.69753273472513
230.9113, -94.73121640803177
231.0138, -94.71370472560247
231.1139, -94.78978006730355
231.214, -94.7449004003126
231.314, -94.66624136776129
231.414, -94.71226934179678
231.516, -94.74002009537328
231.6164, -94.73963732635843
231.7164, -94.72805856365927
231.8164, -94.74834532144624
231.9165, -94.7456659383423
233.0226, -94.71092965024482
233.1227, -94.69159981499499
233.2247, -94.7210730291383
233.3247, -94.77379946093365
233.4246, -94.76451731232358
233.5258, -94.74757978341654
233.6257, -94.702891500933
233.7276, -94.74164686368638
233.8275, -94.76269915950304
233.9274, -94.7036570389627
234.0293, -94.74260378622351
234.1293, -94.7741822299485
234.2291, -94.72136010589944
234.3311, -94.73887178832874
234.431, -94.74499609256631
234.5309, -94.78470837785682
234.6308, -94.74557024608859
234.7327, -94.7606896221751
234.8325, -94.79733975534681
234.9324, -94.74461332355146
235.0351, -94.7369579432545
235.1354, -94.72183856716799
235.2354, -94.74537886158116
235.3352, -94.76222069823449
235.4351, -94.74595301510344
235.537, -94.74499609256631
235.6369, -94.77877545812667
235.7367, -94.7782013046044
235.8387, -94.78193330249917
235.9385, -94.78882314476644
236.039, -94.77437361445591
236.1391, -94.78518683912537
236.2411, -94.76729238768122
236.341, -94.74202963270123
236.4409, -94.74738839890911
236.5428, -94.75092901229647
236.6431, -94.72633610309246
236.7431, -94.71313057208019
236.8431, -94.71025980446883
236.945, -94.71293918757277
237.0449, -94.73676655874708
237.1451, -94.75705331653403
237.2451, -94.72949394746496
237.3471, -94.70241303966445
237.4477, -94.72777148689813
237.5475, -94.73868040382132
237.6474, -94.73915886508988
237.7493, -94.75399116441524
237.8491, -94.7606896221751
237.9489, -94.74662286087941
238.051, -94.76872777148691
238.1511, -94.77485207572448
238.2512, -94.73954163410473
238.3512, -94.78155053348432
238.4531, -94.75351270314668
238.5529, -94.75360839540039
238.6527, -94.75437393343009
238.7546, -94.7591585461157
238.8544, -94.72633610309246
238.9542, -94.75322562638554
239.0562, -94.76298623626418
239.1562, -94.71341764884133
239.2561, -94.74681424538684
239.3581, -94.74346501650692
239.458, -94.74384778552177
239.5578, -94.76595269612925
239.6577, -94.7219342594217
239.7596, -94.71112103475224
239.86, -94.75379977990782
239.9599, -94.74595301510344
240.062, -94.7369579432545
240.1621, -94.77446930670963
240.2619, -94.73274748409116
240.3617, -94.71982902984004
240.4636, -94.75217301159472
240.5638, -94.73121640803177
240.6639, -94.76183792921964
240.7638, -94.75552224047463
240.8658, -94.70250873191816
240.9657, -94.73408717564314
241.0658, -94.72518779604792
241.168, -94.73102502352435
241.2678, -94.70183888614217
241.3676, -94.71724533898981
241.4695, -94.73121640803177
241.5693, -94.72451795027193
241.6691, -94.71274780306534
241.771, -94.71265211081163
241.871, -94.76097669893623
241.971, -94.71982902984004
242.0709, -94.72930256295753
242.173, -94.7052838072758
242.2736, -94.69963796430679
242.3734, -94.72748441013701
242.4732, -94.70643211432035
242.5752, -94.73705363550822
242.675, -94.72212564392913
242.7749, -94.73092933127064
242.8768, -94.70250873191816
242.9766, -94.74719701440169
243.0767, -94.71045118897626
243.1792, -94.7051881150221
243.2792, -94.71810656927322
243.379, -94.70231734741073
243.4789, -94.72260410519769
243.5808, -94.73351302212086
243.6806, -94.75083332004274
243.7805, -94.7480582446851
243.8823, -94.74958932074449
243.9822, -94.68691089456308
244.0823, -94.72222133618284
244.1845, -94.72222133618284
244.2844, -94.67093028819318
244.3843, -94.69026012344301
244.4841, -94.7496850129982
244.586, -94.76413454330873
244.6865, -94.73255609958375
244.7863, -94.72643179534617
244.8862, -94.74317793974578
244.9881, -94.72853702492783
245.0882, -94.71016411221512
245.1885, -94.72040318336231
245.2884, -94.72939825521125
245.3904, -94.7504505510279
245.4902, -94.75054624328162
245.5902, -94.69906381078452
245.6922, -94.69523612063604
245.792, -94.71896779955664
245.8919, -94.72021179885489
245.9938, -94.72518779604792
246.0937, -94.74987639750563
246.1939, -94.72059456786974
246.2938, -94.77848838136553
246.3958, -94.75389547216153
246.4956, -94.71226934179678
246.5957, -94.74633578411829
246.6978, -94.72308256646625
246.7977, -94.73963732635843
246.8976, -94.75150316581873
246.9995, -94.79485175675029
247.0997, -94.1999330154224
247.2005, -94.83485111880194
247.3004, -94.69781981148627
247.4003, -94.56538173234877
247.5022, -94.34385416500535
247.602, -94.28777850433008
247.7018, -93.90032056904994
247.8037, -93.25918246917912
247.9036, -92.66990957082025
248.0034, -91.96082997081386
248.1055, -91.8332721966157
248.2058, -91.81049744023223
248.3058, -92.00341302371574
248.4064, -90.72305066904835
248.5064, -92.09939235418894
248.6086, -92.34072821805076
248.7086, -92.57230347203395
248.8086, -92.23336150938582
248.9086, -91.12601074942984
249.0107, -91.24007591585462
249.1114, -91.57930495526388
249.2117, -91.69394427521092
249.3117, -91.8896349340521
249.4117, -92.66139296023988
249.5124, -93.55037399722492
249.6124, -93.5921915120971
249.7144, -93.67754900240826
249.8143, -93.72893574265164
249.9143, -93.74836127015519
250.0143, -93.79668585827977
250.117, -93.8445319851358
250.2171, -93.80807323647151
250.317, -93.8102741583069
250.417, 604.612175244414
250.5192, 713.0376230044178
250.6192, 585.0967927146298
250.7192, 538.6734182867897
250.8191, 536.4061817195899
250.9212, 555.3467408813257
251.0211, 568.4581107159376
251.1213, 552.3191336661298
251.2212, 534.9002727229231
251.3233, 531.0801422624838
251.4233, 555.5439626162263
251.5232, 556.5389706703243
251.6233, 551.245275194973
251.7253, 487.21242085453184
251.8252, 483.87228273871233
251.9257, 638.77172612877
252.0257, 998.4056075660676
252.1279, 979.7991100620405
252.2279, 983.5668968596992
252.3277, 980.2643657995886
252.4276, 972.4522415910433
252.5297, 958.2790705092424
252.6295, 952.8048037511364
252.7292, 929.467281223585
252.8312, 920.8850257571651
252.931, 885.040908438462
253.0308, 859.1345273600102
254.1392, 657.5316183154974
254.2393, 637.2310808440058
254.3398, 641.1011626608827
254.4397, 616.3216535621442
254.5395, 610.0692173968517
254.6414, 583.6714565955887
254.7412, 510.87740227428594
254.841, 416.5402465670404
254.943, 317.7831613530885
255.043, 256.1208912138562
255.1433, 206.19479753113987
255.2433, 169.88465893685907
255.3453, 143.04374730865538
255.4451, 116.79823288304813
255.5449, 98.59316438334318
255.6468, 75.98204175372004
255.7466, 57.24176647900353
255.8464, 40.609400169056315
255.9483, 25.722747643578256
256.0481, 12.951563770912745
256.148, -0.3665013317171975
256.2503, -10.402991977799397
256.3503, -20.038819157589195
256.4502, -28.836095118100193
256.5501, -35.89311175260363
256.6528, -40.58614695140429
256.7535, -40.813128977209296
256.8533, -44.80493134080796
256.9531, -49.132039361413696
257.0529, -52.33610309245467
257.1553, -55.65451906668156
257.2553, -58.45638825537073
257.3552, -60.211766957464796
257.4552, -61.41710658522193
257.5571, -62.8448350106059
257.657, -63.85486674853671
257.7568, -64.85820002870769
257.8588, -65.62890544010463
257.9586, -66.64477440551188
258.0584, -67.41959458381844
258.1607, -67.78111991834261
258.2607, -68.61000621999649
258.3606, -68.71813846669113
258.4606, -68.86856668952649
258.5626, -69.08818041179568
258.6625, -69.22798679446899
258.7624, -69.23927848040701
258.8643, -69.1852123570597
258.9643, -69.22358495079824
259.0643, -69.19143235355098
259.1645, -69.23344125293058
259.2647, -69.20463788456325
259.3666, -69.20396803878727
259.4663, -69.20626465287636
259.5662, -69.21430280218817
259.6682, -69.27899076569751
259.7679, -69.1994705028628
259.8677, -69.21583387824757
259.9696, -69.21841756909778
260.0695, -69.22301079727596
260.1716, -69.21353726415848
260.2716, -69.2129631106362
260.3714, -69.18033205212039
260.4713, -69.22195818248514
260.5733, -69.15439945136441
260.6732, -69.19104958453613
260.773, -69.1868391253728
260.875, -69.13439977033859
260.9748, -69.18167174367235
261.0746, -69.16569113730245
261.177, -69.19372896764007
261.2773, -69.19296342961037
261.3773, -69.12932808089185
261.4772, -69.09459179279438
261.5778, -69.13564376963686
261.6778, -69.12798838933989
261.7798, -69.21200618809908
261.8796, -69.18645635635795
261.9794, -69.12817977384731
262.0812, -69.10483086394157
262.1813, -69.08224749206552
262.2814, -69.18884866270076
262.3812, -69.10320409562846
262.4831, -69.17066713449546
262.583, -69.12750992807133
262.6829, -69.10014194350968
262.7848, -69.07382657373886
262.8846, -69.14205515063556
262.9845, -69.09918502097256
263.0865, -69.11908900974467
263.1864, -69.06243919554713
263.2863, -69.15315545206616
263.3883, -69.12205546960973
263.4882, -69.11727085692414
263.5881, -69.1700929809732
263.69, -69.01966475813784
263.7898, -69.15459083587184
263.8897, -69.10645763225467
263.9922, -69.11765362593898
264.0907, -69.01746383630245
264.1933, -69.10722317028437
264.2934, -69.08435272164719
264.3936, -69.1090413231049
264.4936, -69.0884674885568
264.5936, -69.04550166664009
264.6938, -69.08081210825983
264.7959, -69.21344157190475
264.8958, -68.97641185945999
264.9958, -69.11315609001451
265.0959, -69.06684103921788
265.1985, -69.06827642302356
265.2986, -69.09985486674854
265.3987, -69.12100285481891
265.4987, -69.02703306167366
265.5986, -69.06569273217333
265.7008, -69.123299468908
265.8008, -69.04301366804357
265.9007, -69.14942345417138
266.0007, -69.06148227301
266.1028, -69.16349021546706
266.2033, -69.13296438653292
266.3033, -69.02004752715268
266.404, -69.1256917752508
266.5039, -69.0329659814038
266.6051, -69.08263026108037
266.7051, -69.01047830178148
266.8049, -69.04923366453485
266.9069, -69.11841916396868
267.0068, -69.14167238162071
267.107, -69.09124256391445
267.2069, -69.12262962313201
267.309, -69.18444681903
267.409, -69.1305720801901
267.5089, -68.86636576769111
267.6107, -68.91842235371047
267.7106, -69.1249262372211
267.8104, -69.10444809492672
267.9123, -69.04167397649161
268.0121, -69.0353582877466
268.112, -69.03009521379245
268.2144, -69.07995087797643
268.3145, -69.00961707149807
268.4144, -69.08885025757165
268.5142, -69.04923366453485
268.6162, -69.00205738345481
268.7159, -69.03382721168722
268.8165, -69.13908869077049
268.9164, -69.05679335257811
269.0163, -69.00157892218625
269.1185, -69.03143490534441
269.2186, -69.07191272866461
269.3186, -69.055836430041
269.4185, -69.01688968278019
269.5205, -69.04731981946063
269.6204, -69.03105213632956
269.7203, -69.06129088850258
269.8223, -69.03641090253744
269.9222, -69.03976013141737
270.022, -69.04033428493963
270.1241, -69.03746351732828
270.224, -69.02454506307714
270.3239, -69.0352625954929
270.4237, -69.03411428844835
270.5257, -69.06530996315848
270.6255, -69.06731950048643
270.7253, -69.0058850736033
270.8273, -69.03889890113396
270.9272, -69.04980781805713
271.027, -69.04502320537154
271.1292, -69.05918565892091
271.2291, -69.05468812299645
271.3297, -69.02397090955488
271.4297, -68.99488046442642
271.5317, -69.00722476515527
271.6318, -69.03583674901517
271.7317, -69.07066872936636
271.8317, -69.01631552925791
271.9322, -69.07401795824629
272.0343, -69.06655396245674
272.1345, -69.06416165611394
272.2351, -69.04617151241608
272.3353, -69.0631090413231
272.4354, -69.00808599543868
272.5354, -69.04760689622175
272.6374, -69.03660228704487
272.7374, -68.98397154750323
272.8374, -69.05143458637023
272.9374, -69.04129120747676
273.0395, -69.09057271813847
273.1396, -69.02358814054003
273.24, -69.03660228704487
273.3401, -69.08865887306423
273.4401, -69.00301430599194
273.5422, -69.05468812299645
273.6429, -69.03507121098548
273.743, -69.09526163857036
273.8432, -69.01650691376534
273.9433, -68.93593403613978
274.0433, -68.96846940240188
274.1455, -69.12119423932633
274.2461, -69.005980765857
274.3462, -69.05105181735539
274.4462, -69.02511921659942
274.5462, -69.06540565541219
274.6483, -69.02387521730117
274.7484, -69.0479896652366
274.8484, -69.05975981244319
274.9485, -69.04588443565494
275.0486, -69.08550102869174
275.1508, -68.99765553978406
275.2508, -69.0099041482592
275.3508, -69.03315736591124
275.4505, -69.0328702891501
275.5524, -69.0011004609177
275.6523, -69.0876062582734
275.7521, -69.02693736941995
275.8539, -69.02330106377889
275.9538, -69.01095676305003
276.0543, -69.0353582877466
276.1543, -69.09363487025726
276.2563, -69.06990319133666
276.3562, -69.04416197508812
276.4561, -69.04272659128245
276.5582, -69.05277427792221
276.6586, -69.05889858215978
276.7587, -69.0193776813767
276.8589, -68.9829189327124
276.9592, -69.03306167365753
277.0593, -69.08042933924499
277.1617, -69.02722444618108
277.2623, -69.05143458637023
277.3625, -69.0464585891772
277.4626, -69.00808599543868
277.5627, -69.06827642302356
277.6627, -69.0701902680978
277.7628, -69.04932935678858
277.8649, -69.00339707500679
277.9649, -69.01746383630245
278.0649, -69.06626688569561
278.1651, -69.02559767786798
278.2677, -69.06511857865107
278.3678, -69.0376549018357
278.4685, -69.02110014194352
278.5686, -69.05143458637023
278.6686, -69.06722380823273
278.7687, -69.03191336661298
278.8687, -68.99727277076921
278.9708, -68.96157956013461
279.0707, -69.03420998070207
279.1708, -69.0344970574632
279.2713, -69.02282260251033
279.3714, -69.06664965471046
279.4735, -68.97918693481763
279.5734, -69.02865982998676
279.6734, -69.06033396596546
279.7739, -69.09966348224111
279.874, -69.05440104623531
279.9761, -68.99344508062073
280.0761, -69.06109950399515
280.1762, -69.06808503851613
280.2768, -69.08483118291575
280.3769, -69.00416261303648
280.479, -69.0472241272069
280.5791, -69.05239150890736
280.6792, -69.03947305465623
280.7792, -68.99038292850194
280.882, -69.04511889762524
280.9799, -69.06971180682925
281.082, -69.03889890113396
281.1821, -68.96110109886605
281.2825, -69.05353981595191
281.3826, -69.154208066857
281.4831, -69.05239150890736
281.5832, -69.0900942568699
281.6853, -69.06502288639734
281.7853, -68.94014449530312
281.8853, -68.99210538906875
281.9853, -69.0694247300681
282.0874, -68.94904387489834
282.1874, -69.08301303009522
282.2879, -68.98138785665301
282.388, -69.06320473357682
282.4879, -69.05066904834054
282.59, -68.99153123554649
282.69, -69.04990351031084
282.79, -69.05267858566849
282.89, -69.01133953206488
282.9922, -69.05564504553357
283.0923, -68.99076569751679
283.1925, -69.06846780753098
283.293, -69.10483086394157
283.3926, -69.14913637741026
283.4948, -69.06014258145804
283.5948, -69.03220044337411
283.6948, -69.02751152294222
283.7948, -69.04377920607327
283.8968, -69.0463628969235
283.9968, -69.08569241319915
284.0969, -69.02990382928502
284.1991, -69.07038165260522
284.2996, -69.0210044496898
284.3998, -69.06684103921788
284.4997, -69.06760657724757
284.5997, -69.0590899666672
284.6998, -69.05344412369818
284.802, -69.01641122151162
284.902, -69.03344444267238
285.002, -69.0741136505
285.1021, -69.06349181033795
285.2044, -69.02387521730117
285.305, -69.0447361286104
285.4051, -69.02291829476404
285.5051, -69.0329659814038
285.605, -69.00100476866398
285.705, -69.04971212580342
285.8065, -69.03220044337411
285.9066, -69.01468876094481
286.0066, -69.04215243776017
286.1085, -69.04674566593835
286.2085, -69.04894658777373
286.3084, -69.04626720466979
286.4104, -69.0019616912011
286.5101, -69.02875552224047
286.6099, -69.05602781454841
286.7126, -69.05755889060781
286.8127, -69.00330138275307
286.9128, -69.03382721168722
287.0128, -69.03516690323919
287.1131, -69.0718170364109
287.2133, -69.03794197859683
287.3159, -69.1105723991643
287.416, -69.01717675954131
287.5161, -69.01334906939283
287.6166, -69.06157796526372
287.7167, -69.00894722572208
287.8167, -69.04674566593835
287.9167, -69.04913797228114
288.0187, -69.02741583068851
288.1188, -69.06176934977114
288.2183, -69.07047734485894
288.321, -69.07880257093188
288.4211, -69.04062136170077
288.5211, -69.04655428143093
288.6211, -69.02444937082343
288.721, -69.02272691025662
288.8232, -69.04617151241608
288.9232, -69.06999888359037
289.0233, -69.11583547311845
289.1235, -69.01066968628889
289.2258, -69.07937672445416
289.3263, -69.07947241670787
289.4264, -69.02110014194352
289.5264, -69.06483150188993
289.6264, -69.07880257093188
289.7264, -69.06674534696417
289.8285, -69.05344412369818
289.9286, -69.0685634997847
290.0287, -69.02071737292867
290.1287, -69.03239182788154
290.2309, -69.06196073427856
290.3315, -69.0892330265865
290.4316, -69.0511475096091
290.5315, -69.03889890113396
290.6309, -69.09258225546643
290.733, -69.06578842442704
290.833, -69.07229549767946
290.9331, -69.03086075182215
291.0352, -69.07784564839477
291.1353, -69.05076474059425
291.2353, -69.0464585891772
291.3359, -69.06167365751743
291.436, -69.0313392130907
291.536, -69.05248720116107
291.638, -69.04913797228114
291.738, -69.055836430041
291.838, -69.02942536801646
291.9401, -69.06033396596546
292.0401, -69.04751120396804
292.1401, -69.0566976603244
292.2401, -69.05306135468334
292.3427, -69.05296566242963
292.4428, -69.04071705395448
292.5428, -69.08779764278083
292.6431, -69.03736782507457
292.7431, -69.05181735538508
292.8431, -69.0472241272069
292.945, -69.04435335959555
293.0455, -69.06569273217333
293.1457, -69.0700945758441
293.2455, -69.06511857865107
293.3472, -69.0844484139009
293.4472, -69.07908964769302
293.5469, -69.05861150539864
293.6487, -69.0455973588938
293.7485, -69.07832410966333
293.8482, -69.04808535749032
293.9502, -69.05382689271303
294.0499, -69.06798934626242
294.1502, -69.07564472655939
294.2524, -69.07765426388734
294.3524, -69.04923366453485
294.4524, -69.03583674901517
294.5522, -69.02234414124177
294.654, -69.03851613211911
294.7538, -69.0463628969235
294.8536, -69.08186472305067
294.9554, -69.0376549018357
295.0552, -69.06751088499387
295.1551, -69.07373088148515
295.257, -69.06770226950128
295.3568, -69.06243919554713
295.4578, -69.06320473357682
295.5578, -69.0859794899603
295.6597, -69.06042965821918
295.7595, -69.06023827371175
295.8593, -69.03937736240252
295.9611, -69.04999920256455
296.0609, -69.06789365400871
296.1608, -69.0344970574632
296.263, -69.07143426739606
296.3628, -69.04109982296933
296.4628, -69.0758361110668
296.5626, -69.06205642653228
296.6639, -69.0701902680978
296.764, -69.04885089552
296.8661, -69.06588411668076
296.9661, -69.06597980893447
297.0661, -69.055836430041
297.1661, -69.03095644407585
297.2685, -69.11267762874596
297.369, -69.03717644056714
297.4691, -69.04090843846191
297.5691, -69.07449641951484
297.669, -69.06320473357682
297.7712, -69.00550230458845
297.8719, -69.05306135468334
297.9719, -69.04588443565494
298.0719, -69.06167365751743
298.1719, -69.02531060110684
298.2718, -69.0423438222676
298.3739, -69.05803735187637
298.4745, -69.04014290043222
298.5743, -69.03200905886669
298.6741, -69.08492687516946
298.7762, -69.02368383279374
298.8761, -69.07832410966333
298.9759, -69.04023859268592
299.0778, -69.07545334205196
299.1777, -69.0788982631856
299.2776, -69.02607613913653
299.3775, -69.04138689973047
299.4795, -69.03354013492608
299.5793, -69.036889363806
299.6791, -69.07727149487249
299.781, -69.01526291446707
299.8808, -69.00923430248322
299.9806, -69.04598012790865
300.0825, -69.04148259198418
300.1826, -69.03985582367108
300.2826, -69.0273201384348
300.3845, -69.05344412369818
300.4846, -69.0202389116601
300.5844, -69.01478445319852
300.6862, -69.03076505956844
300.786, -69.00263153697709
300.8858, -69.09133825616817
300.9877, -69.04511889762524
301.0875, -69.06827642302356
301.1876, -69.05698473708554
301.2896, -69.07995087797643
301.3893, -69.0582287363838
301.4891, -69.04100413071562
301.5909, -69.05564504553357
301.6907, -69.05775027511524
301.7905, -69.0448318208641
301.8925, -69.03114782858329
301.9923, -69.03660228704487
302.0921, -69.0638745793528
302.194, -69.02578906237541
302.2938, -69.06875488429212
302.3936, -69.0574631983541
302.4955, -69.03545398000033
302.5956, -69.01803798982473
302.6953, -69.03832474761168
302.7965, -69.05019058707198
302.8963, -69.0265546004051
302.9981, -69.06741519274016
303.0978, -69.03650659479115
303.1997, -69.03315736591124
303.3002, -69.02693736941995
303.4007, -69.08320441460265
303.5006, -69.04119551522305
303.6004, -68.99602877147095
303.7023, -69.04263089902872
303.802, -69.05717612159296
303.9019, -69.0130619926317
304.0036, -69.00100476866398
304.1033, -69.03621951803002
304.2031, -69.03937736240252
304.3052, -69.02818136871821
304.405, -69.03976013141737
304.5048, -69.01736814404875
304.6067, -69.06511857865107
304.7065, -69.06511857865107
304.8062, -69.05621919905585
304.908, -69.01047830178148
305.0078, -69.04167397649161
305.1096, -69.03708074831343
305.2089, -69.06980749908296
305.3109, -69.04684135819205
305.4112, -69.04033428493963
305.5111, -69.04090843846191
305.6109, -69.03430567295578
305.7128, -69.04990351031084
305.8125, -69.030573675061
305.9122, -68.99736846302292
306.014, -69.03583674901517
306.1137, -69.0464585891772
306.2138, -69.00904291797579
306.3159, -68.98320600947353
306.4156, -69.02397090955488
306.5155, -69.01019122502034
306.6172, -69.03708074831343
306.7172, -69.0559321222947
306.817, -69.02062168067495
306.9189, -69.06243919554713
307.0187, -69.04655428143093
307.1185, -69.00999984051292
307.2207, -69.05191304763879
307.3205, -69.01124383981117
307.4203, -69.01727245179504
307.5222, -69.0019616912011
307.6214, -69.05028627932569
307.7232, -69.0352625954929
307.823, -69.08253456882666
307.9227, -69.02865982998676
308.0245, -69.05353981595191
308.1243, -69.04148259198418
308.2251, -69.03861182437282
308.3253, -69.05028627932569
308.4272, -69.00444968979761
308.527, -69.06215211878599
308.6267, -69.04014290043222
308.7286, -69.00846876445353
308.8285, -69.01985614264525
308.9283, -69.02349244828632
309.0301, -69.04291797578986
309.1298, -69.03516690323919
309.2297, -69.03076505956844
309.3316, -69.02751152294222
309.4313, -68.9964115404858
309.5311, -69.05698473708554
309.633, -69.04808535749032
309.7328, -69.05851581314494
309.8326, -69.02856413773306
309.9345, -69.07219980542575
310.035, -69.02980813703131
310.1348, -69.03229613562783
310.2366, -69.0344970574632
310.3365, -69.02157860321208
310.4363, -69.03028659829987
310.5381, -69.03947305465623
310.6378, -69.07602749557424
310.7376, -69.05076474059425
310.8395, -69.06023827371175
310.9392, -69.04100413071562
311.0422, -69.03545398000033
311.1408, -69.05076474059425
311.2407, -69.06205642653228
311.3407, -69.00971276375178
311.4425, -69.03248752013525
311.5424, -69.06655396245674
311.6422, -69.05153027862394
311.7442, -69.02502352434571
311.8441, -69.02760721519593
311.9439, -69.03411428844835
312.0458, -69.00483245881246
312.1457, -69.05966412018948
312.2456, -69.05353981595191
312.3475, -69.01966475813784
312.4473, -69.03679367155229
312.5476, -69.03315736591124
312.6495, -69.00932999473693
312.7492, -68.98464139327922
312.849, -69.018612143347
312.9509, -69.04119551522305
313.0507, -69.06243919554713
313.1507, -69.04999920256455
313.2527, -69.0828216455878
313.3525, -69.0543053539816
313.4523, -68.98913892920369
313.5542, -69.06617119344189
313.654, -69.06435304062137
313.7538, -69.04444905184926
313.8557, -69.0487552032663
313.9555, -69.05086043284797
314.0553, -69.0685634997847
314.1572, -69.06263058005455
314.257, -69.05191304763879
314.3571, -69.0724868821869
314.4589, -69.03153059759813
314.5588, -69.05468812299645
314.6586, -69.07468780402228
314.7604, -69.02837275322563
314.8604, -69.04100413071562
314.9597, -69.07229549767946
315.0616, -69.00157892218625
315.1616, -69.04942504904228
315.2614, -69.03239182788154
315.3633, -69.00023923063428
315.4631, -69.02425798631602
315.563, -69.01956906588413
315.6648, -69.01239214685572
315.7646, -69.06339611808424
315.8644, -69.0018659989474
315.9663, -68.99143554329278
316.0661, -69.0280856764645
316.1661, -69.02282260251033
316.268, -69.00894722572208
316.3682, -69.03459274971692
316.4679, -69.01631552925791
316.5698, -69.0336358271798
316.6691, -69.02349244828632
316.7714, -68.9964115404858
316.8714, -68.98349308623467
316.9716, -69.04617151241608
317.0716, -69.04664997368464
317.1718, -69.01172230107973
317.274, -68.99861246232118
317.3735, -68.97861278129535
317.4741, -69.005980765857
317.5742, -69.02234414124177
317.6742, -69.04588443565494
317.7764, -68.99497615668012
317.8766, -68.98655523835346
317.9766, -68.98445000877179
318.0766, -69.03382721168722
318.1788, -69.00492815106618
318.2795, -68.98492847004036
318.3796, -69.03459274971692
318.48, -68.98588539257747
318.58, -68.98990446723339
318.6801, -68.95545525589704
318.7801, -69.02081306518238
318.8825, -69.01727245179504
318.9828, -69.0042583052902
319.0828, -68.98464139327922
319.1829, -68.98665093060717
319.2831, -68.97172293902808
319.3833, -68.9607183298512
319.4858, -68.96349340520885
319.5859, -69.0011004609177
319.6859, -69.00942568699064
319.7854, -68.98559831581633
319.8875, -68.95191464250969
319.9875, -68.96933063268528
320.0875, -68.96368478971628
320.1876, -68.97985678059362
320.2898, -68.97267986156521
320.3899, -68.95842171576211
320.4904, -68.99593307921724
320.5904, -69.00062199964913
320.6904, -68.96483309676083
320.7926, -68.97966539608619
320.8926, -68.9829189327124
320.9927, -68.95813463900097
321.0927, -68.95689063970272
321.1927, -68.96129248337347
321.2948, -69.00377984402164
321.3949, -69.01334906939283
321.4955, -68.92483373470918
321.5956, -68.98253616369755
321.6956, -68.94626879954068
321.7977, -68.96129248337347
321.8977, -68.96712971084992
321.9979, -68.95669925519529
322.0979, -68.9193792762476
322.1987, -68.97851708904165
322.2989, -69.00368415176791
322.399, -68.95784756223983
322.5015, -68.95870879252325
322.6015, -68.94378080094417
322.7015, -68.98311031721983
322.8015, -68.98253616369755
322.9014, -68.94540756925727
323.0035, -68.96741678761104
323.1035, -68.95880448477696
323.2036, -68.97612478269885
323.3036, -68.95229741152454
323.4058, -68.95220171927083
324.5111, -68.98492847004036
324.6117, -68.95698633195643
324.7115, -68.92952265514107
324.8114, -68.95315864180795
324.9132, -68.93315896078212
325.013, -68.94397218545159
325.1129, -68.89392513676019
325.2148, -68.97028755522241
325.3146, -68.92837434809653
325.4145, -68.93459434458781
325.5166, -68.93344603754326
325.6165, -68.92655619527599
325.7163, -68.95698633195643
325.8181, -68.95344571856909
325.9179, -68.9503835664503
326.0177, -68.95756048547871
326.1195, -68.92464235020175
326.2193, -68.95478541012106
326.3192, -68.8940208290139
326.421, -68.94024018755682
326.5211, -68.90550389945935
326.6209, -68.92971403964849
326.7226, -68.94425926221273
326.8229, -68.87708330010686
326.9231, -68.94110141784023
327.024, -68.93469003684152
327.1242, -68.92808727133539
327.2243, -68.91564727835282
327.3244, -68.91650850863623
327.4266, -68.91660420088994
327.527, -68.88780083252261
327.6273, -68.9035900543851
327.7273, -68.89277682971564
327.8274, -68.91382912553229
327.9294, -68.90780051354844
328.0294, -68.92081466005327
328.1295, -68.90626943748904
328.2297, -68.91038420439865
328.3299, -68.89421221352131
328.432, -68.87784883813656
328.5323, -68.90780051354844
328.6325, -68.86818392051164
328.7326, -68.90320728537026
328.8327, -68.90521682269821
328.9327, -68.8924897529545
329.0348, -68.90933158960783
329.1348, -68.9186137382179
329.2348, -68.94732141433151
329.3352, -68.9083746670707
329.4353, -68.89536052056586
329.5372, -68.87469099376406
329.6373, -68.83564855424953
329.7373, -68.88024114447936
329.8373, -68.89737005789382
329.9394, -68.87067191910815
330.0393, -68.89296821422306
330.1393, -68.94052726431796
330.2395, -68.85143777611202
330.3418, -68.90933158960783
330.4419, -68.85727500358847
330.5423, -68.88253775856845
330.6424, -68.88397314237413
330.7424, -68.91909219948646
330.8424, -68.91134112693578
330.9445, -68.89851836493837
331.0446, -68.90253743959427
331.1447, -68.8528731599177
331.2449, -68.87851868391255
331.3449, -68.91564727835282
331.4471, -68.90033651775889
331.5476, -68.88741806350777
331.6478, -68.86244238528892
331.748, -68.83784947608491
331.848, -68.87000207333217
331.9475, -68.88158083603133
332.0497, -68.89028883111912
332.1499, -68.86397346134831
332.25, -68.88196360504618
332.3502, -68.90225036283313
332.4523, -68.87717899236057
332.5528, -68.89392513676019
332.6529, -68.93344603754326
332.753, -68.88837498604488
332.853, -68.92550358048517
332.9552, -68.92971403964849
333.0552, -68.90933158960783
333.1553, -68.88244206631474
333.2554, -68.90234605508684
333.3555, -68.90933158960783
333.4577, -68.86904515079505
333.5581, -68.9416755713625
333.6582, -68.88579129519466
333.7582, -68.89000175435798
333.8582, -68.90014513325147
333.9604, -68.84789716272468
334.0604, -68.87134176488414
334.1604, -68.91698696990478
334.2606, -68.87115038037672
334.3601, -68.89373375225276
334.4622, -68.90732205227987
334.5631, -68.91382912553229
334.6634, -68.91842235371047
334.7634, -68.86521746064656
334.8634, -68.8742125324955
334.9655, -68.88129375927019
335.0654, -68.89459498253616
335.1654, -68.89210698393966
335.2654, -68.89038452337283
335.3676, -68.87871006841996
335.4676, -68.87363837897323
335.5679, -68.84416516482992
335.668, -68.84435654933733
335.768, -68.90110205578858
335.87, -68.90847035932441
335.97, -68.8528731599177
336.07, -68.83239501762333
336.1701, -68.89689159662525
336.2721, -68.86665284445225
336.3722, -68.84636608666528
336.4721, -68.87727468461428
336.5726, -68.88780083252261
336.6729, -68.85717931133475
336.7726, -68.86521746064656
336.8748, -68.87545653179376
336.9748, -68.89497775155101
337.0749, -68.91736973891963
337.1751, -68.87411684024178
337.2773, -68.8512463916046
337.3773, -68.85009808456006
337.4773, -68.88493006491125
337.5777, -68.8924897529545
337.6779, -68.90531251495192
337.78, -68.87593499306232
337.8799, -68.8941165212676
337.9799, -68.85402146696225
338.0799, -68.8948820592973
338.1821, -68.85430854372339
338.2821, -68.86799253600421
338.3821, -68.88971467759686
338.4822, -68.864738999378
338.5826, -68.88799221703003
338.6848, -68.87497807052519
338.7849, -68.90282451635541
338.8848, -68.895647597327
338.9849, -68.93440296008039
339.0849, -68.85851900288672
339.1877, -68.86914084304875
339.2878, -68.87775314588285
339.3878, -68.90464266917593
339.4878, -68.87804022264397
339.5883, -68.89268113746192
339.6885, -68.88971467759686
339.7886, -68.89392513676019
339.8908, -68.9051211304445
339.9908, -68.89545621281958
340.0908, -68.84359101130764
340.1909, -68.89315959873049
340.2911, -68.88588698744837
340.3933, -68.88502575716497
340.4933, -68.88129375927019
340.5936, -68.89344667549162
340.6937, -68.88129375927019
340.7939, -68.89631744310299
340.8959, -68.91306358750259
340.9959, -68.91057558890608
341.0959, -68.88559991068723
341.196, -68.83583993875696
341.298, -68.88339898885185
341.3981, -68.88789652477632
341.4981, -68.88837498604488
341.5992, -68.87354268671952
341.6994, -68.86856668952649
341.7994, -68.89717867338639
341.8994, -68.86196392402036
342.0015, -68.8416771662334
342.1014, -68.8916285226711
342.2015, -68.91459466356199
342.3015, -68.88789652477632
342.4041, -68.83832793735347
342.5044, -68.85622238879763
342.6049, -68.8964131353567
342.7051, -68.87698760785315
342.8051, -68.89698728887898
342.9051, -68.88875775505973
343.005, -68.85191623738059
343.1072, -68.84072024369628
343.2074, -68.88923621632829
343.3072, -68.86588730642255
343.4071, -68.86636576769111
343.5091, -68.86215530852778
343.6089, -68.85258608315657
343.7087, -68.85478700499195
343.8107, -68.87095899586929
343.9106, -68.84751439370983
344.0112, -68.81928517886477
344.111, -68.82292148450583
344.213, -68.88990606210427
344.3128, -68.87746606912171
344.4127, -68.89354236774534
344.5146, -68.86368638458717
344.6144, -68.88205929729989
344.7143, -68.85000239230635
344.8142, -68.84186855074083
344.9161, -68.77670212596291
345.0159, -68.86521746064656
345.1178, -68.91038420439865
345.2178, -68.89392513676019
345.3178, -68.88387745012042
345.4178, -68.8789014529274
345.5199, -68.85239469864915
345.6197, -68.86081561697581
345.7197, -68.87000207333217
345.8195, -68.86330361557232
345.9215, -68.85995438669241
346.0212, -68.85306454442514
346.121, -68.86751407473565
346.2232, -68.85650946555877
346.323, -68.86646145994482
346.4229, -68.83210794086219
346.5244, -68.86167684725922
346.6243, -68.89536052056586
346.7246, -68.88550421843352
346.8266, -68.877370376868
346.9265, -68.88521714167238
347.0265, -68.88024114447936
347.1263, -68.86579161416884
347.2285, -68.85784915711073
347.3284, -68.85191623738059
347.4285, -68.90186759381828
347.5285, -68.85813623387187
347.6304, -68.85459562048453
347.7304, -68.83784947608491
347.8303, -68.88626975646322
347.9323, -68.86914084304875
348.0323, -68.8789971451811
348.132, -68.87593499306232
348.2339, -68.8146919506866
348.3338, -68.83603132326438
348.4337, -68.85402146696225
348.5336, -68.85775346485703
348.6355, -68.86426053810945
348.7354, -68.87832729940511
348.8353, -68.87804022264397
348.9365, -68.83603132326438
349.0363, -68.84914116202293
349.1381, -68.87277714868982
349.2383, -68.85229900639544
349.3384, -68.8353614774884
349.4384, -68.81717994928312
349.5404, -68.8655045374077
349.641, -68.82531379084864
349.7411, -68.85306454442514
349.841, -68.85392577470854
349.941, -68.8766048388383
350.0432, -68.8503851613212
350.1432, -68.86818392051164
350.2436, -68.87784883813656
350.3439, -68.84158147397969
350.4439, -68.88569560294094
350.546, -68.84655747117272
350.6465, -68.83880639862204
350.7466, -68.85507408175309
350.8466, -68.85890177190157
350.9466, -68.88598267970208
351.0466, -68.93153219246902
351.1487, -68.87277714868982
351.2488, -68.89823128817723
351.3483, -68.85909315640899
351.4504, -68.86129407824437
351.5503, -68.8806239134942
351.6508, -68.8923940607008
351.7512, -68.89095867689511
351.8512, -68.88933190858201
351.9511, -68.92148450582926
352.0531, -68.87775314588285
352.1529, -68.94301526291447
352.253, -68.87220299516754
352.3551, -68.90808759030956
352.4549, -68.88502575716497
352.5547, -68.89048021562655
352.6548, -68.88914052407458
352.7567, -68.84818423948582
352.8565, -68.88674821773178
352.9563, -68.87019345783959
353.0581, -68.85488269724566
353.1578, -68.89229836844707
353.258, -68.88330329659814
353.3599, -68.85478700499195
353.46, -68.82273009999841
353.5597, -68.86923653530248
353.6616, -68.87536083954004
353.7609, -68.84205993524824
353.8628, -68.86138977049808
353.9626, -68.84234701200938
354.0623, -68.87057622685444
354.1641, -68.85985869443869
354.2644, -68.88866206280602
354.3643, -68.90225036283313
354.4641, -68.84272978102423
354.566, -68.81871102534251
354.6658, -68.89622175084928
354.7657, -68.9035900543851
354.8676, -68.87555222404747
354.9673, -68.88406883462784
355.0671, -68.90282451635541
355.169, -68.90425990016108
355.2701, -68.88990606210427
355.3699, -68.92827865584282
355.4699, -68.92301558188865
355.5697, -68.85823192612558
355.6715, -68.93421157557296
355.7714, -68.92330265864979
355.8712, -68.88569560294094
355.973, -68.90856605157813
356.0728, -68.86100700148323
356.1754, -68.88646114097064
356.2737, -68.88760944801518
356.3755, -68.86014577119983
356.4753, -68.91660420088994
356.5752, -68.87756176137542
356.6778, -68.88014545222565
356.7779, -68.89507344380473
356.8778, -68.8797626832108
356.9777, -68.8536386979474
357.0774, -68.89756144240124
357.1793, -68.85019377681377
357.2796, -68.8972743656401
357.3799, -68.86435623036316
357.4799, -68.83679686129408
357.582, -68.86856668952649
357.6824, -68.89095867689511
357.7825, -68.90033651775889
357.8824, -68.86588730642255
357.9824, -68.86167684725922
358.0848, -68.86406915360202
358.1848, -68.8742125324955
358.2851, -68.86416484585573
358.3851, -68.83019409578795
358.485, -68.85631808105134
358.5879, -68.8575620803496
358.6862, -68.86885376628763
358.7884, -68.83717963030892
358.8885, -68.8377537838312
358.9885, -68.88387745012042
359.0885, -68.85249039090286
359.1884, -68.86244238528892
359.2906, -68.83641409227923
359.3906, -68.8520119296343
359.4906, -68.84196424299454
359.5905, -68.88234637406103
359.6931, -68.9336374220507
359.7931, -68.86837530501906
359.893, -68.84942823878407
359.993, -68.85794484936444
360.0952, -68.86205961627407
360.1952, -68.8376580915775
360.2952, -68.83976332115915
360.3953, -68.84416516482992
360.4952, -68.87641345433087
360.5973, -68.88512144941868
360.6976, -68.86569592191512
360.7976, -68.90406851565366
360.8976, -68.8353614774884
361.0004, -68.87469099376406
361.1004, -68.86445192261687
361.2003, -68.88091099025534
361.3003, -68.88071960574791
361.4005, -68.87344699446581
361.5025, -68.86732269022824
361.6025, -68.88349468110557
361.7031, -68.8257922521172
361.8032, -68.87937991419595
361.9032, -68.87143745713784
362.0032, -68.8329691711456
362.1052, -68.88741806350777
362.2052, -68.86837530501906
362.3052, -68.90148482480343
362.4052, -68.89220267619336
362.5073, -68.88004975997194
362.6073, -68.87918852968852
362.7077, -68.88847067829859
362.8077, -68.89909251846063
362.91, -68.8695236120636
363.01, -68.88856637055231
363.1101, -68.83966762890545
363.2104, -68.90894882059298
363.3104, -68.87516945503262
363.4126, -68.84818423948582
363.5121, -68.88359037335928
363.6122, -68.89717867338639
363.7125, -68.8822506818073
363.8147, -68.81545748871629
363.9147, -68.87689191559943
364.0147, -68.8662700754374
364.1147, -68.87402114798807
364.2148, -68.85268177541029
364.3168, -68.86062423246838
364.4168, -68.88732237125406
364.5168, -68.86062423246838
364.6168, -68.8535430056937
364.7193, -68.871054688123
364.8194, -68.83517009298097
364.9193, -68.864738999378
365.0193, -68.87784883813656
365.1214, -68.84445224159104
365.2214, -68.83526578523468
365.3214, -68.83459593945871
365.4214, -68.88071960574791
365.5234, -68.86579161416884
365.6234, -68.90397282339995
365.7238, -68.83526578523468
365.8238, -68.86617438318369
365.9235, -68.8940208290139
366.0257, -68.8298113267731
366.1256, -68.79517073092933
366.2257, -68.82607932887834
366.3277, -68.84158147397969
366.4277, -68.85191623738059
366.5276, -68.83995470566659
366.6275, -68.83708393805522
366.7293, -68.84761008596355
366.8293, -68.90397282339995
366.9292, -68.87076761136187
367.0312, -68.86770545924308
367.1311, -68.82598363662461
367.2311, -68.85296885217141
367.331, -68.86024146345353
367.4329, -68.87641345433087
367.5327, -68.87775314588285
367.6325, -68.85383008245483
367.7344, -68.86368638458717
367.8343, -68.8916285226711
367.9341, -68.82617502113204
368.036, -68.88579129519466
368.1358, -68.87536083954004
368.2357, -68.82234733098356
368.337, -68.86205961627407
368.4369, -68.86148546275179
368.5388, -68.86043284796096
368.6388, -68.88540852617982