time, pressure
18.8952, 0.3502
18.9972, 0.3502
19.097, 0.7393
19.1968, -0.9728
19.2987, 0.5837
19.3984, 0.8949
19.4988, -0.8949
19.5986, -1.0506
19.7004, 0.7393
19.8004, 0.5058
19.9006, 0.5837
20.0011, -0.8171
20.103, 0.5058
20.2027, 0.5837
20.3025, 0.428
20.4044, 0.5058
20.5043, 0.7393
20.6041, 0.5837
20.706, 0.5837
20.8058, 0.428
20.9063, 0.5058
21.0063, 0.428
21.1066, 0.428
21.2086, 0.428
21.3085, 0.6615
21.4084, 0.8171
21.5103, 0.6615
21.6101, 0.7393
21.71, 0.3502
21.8118, 0.6615
21.9123, 0.5058
22.012, 0.428
22.1119, 0.5837
22.2139, 0.5058
22.314, 0.7393
22.414, 0.428
22.5138, 0.5837
22.6157, 0.5837
22.7155, 0.5837
22.8153, -0.7393
22.9181, 0.428
23.018, 0.7393
23.1178, 0.428
23.2178, 0.428
23.3197, 0.6615
23.4196, -0.6615
23.5194, 0.2724
23.6212, 0.5058
23.721, 0.6615
23.8212, 5.7198
23.921, 18.3268
24.023, 29.6887
24.1228, 47.1984
24.2226, 66.1089
24.3245, 87.9767
24.4239, 108.677
24.5258, 131.5564
24.6257, 151.8677
24.7255, 168.2101
24.8275, 184.4747
24.9273, 196.6926
25.0272, 212.8016
25.129, 222.9961
25.2288, 232.3346
25.3286, 240.8949
25.4305, 249.2218
25.5304, 258.4047
25.6301, 265.1751
25.7321, 271.9455
25.832, 276.7704
25.9322, 284.1634
26.034, 289.6887
26.1346, 294.5136
26.2344, 299.4163
26.3342, 304.6304
26.435, 311.2451
26.5348, 316.6148
26.6365, 321.9844
26.7366, 325.642
26.836, 332.1012
26.9381, 338.249
27.0381, 346.1089
27.1381, 361.5953
27.2402, 361.8288
27.3402, 362.1401
27.4403, 362.4514
27.5403, 362.607
27.6422, 362.8405
27.7421, 363.0739
27.8425, 363.3074
27.9424, 363.5409
28.0445, 363.7743
28.1444, 364.0078
28.2444, 364.1634
28.3444, 364.3969
28.4463, 364.6304
28.5462, 364.8638
28.6461, 365.0195
28.7482, 375.9922
28.847, 383.6187
28.9494, 388.5214
29.0494, 392.9572
29.1495, 394.9027
29.2487, 398.716
29.3507, 402.9183
29.4506, 404.2412
29.5506, 407.6654
29.6526, 409.8444
29.7525, 412.9572
29.8526, 415.0584
29.9526, 418.6381
30.0547, 419.9611
30.1547, 421.8288
30.2546, 425.1751
30.3544, 426.8872
30.4564, 428.677
30.5564, 430.0778
30.6564, 432.1012
30.7584, 433.6576
30.8586, 435.3696
30.9585, 436.8482
31.0585, 438.4825
31.1605, 439.572
31.2605, 440.428
31.3604, 441.9066
31.4603, 443.6187
31.5623, 445.3307
31.6628, 446.965
31.7627, 447.1206
31.8633, 448.5214
31.9632, 450.0778
32.0632, 451.7121
32.1652, 453.7354
32.2651, 454.9805
32.365, 457.0039
32.4671, 459.9611
32.5671, 461.6732
32.667, 465.1751
32.7671, 466.6537
32.8674, 468.3658
32.9693, 470.2335
33.0693, 472.8016
33.1692, 474.8249
33.2713, 476.3035
33.3713, 478.0934
33.4713, 481.284
33.5713, 483.0739
33.6733, 484.786
33.7733, 486.5759
33.8733, 488.2879
33.9734, 490.856
34.0761, 493.1907
34.1741, 494.6693
34.2761, 496.1479
34.376, 497.8599
34.4759, 499.7276
34.5779, 501.0506
34.6778, 502.8405
34.7777, 504.7082
34.8779, 506.4202
34.9804, 507.5875
35.0805, 509.2218
35.1805, 511.1673
35.2806, 512.9572
35.3805, 514.2023
35.4825, 515.7588
35.5824, 517.2374
35.6822, 519.2607
35.7843, 519.3385
35.8844, 522.3735
35.9849, 522.2957
36.0848, 523.8521
36.1848, 525.4864
36.2848, 527.4319
36.3871, 529.144
36.4878, 530.856
36.5876, 530.3891
36.6876, 531.7899
36.7878, 533.8132
36.8885, 535.5253
36.9887, 537.1595
37.0908, 538.7938
37.1908, 540.2724
37.2907, 540.5058
37.3906, 541.8288
37.4926, 543.5409
37.5925, 545.3307
37.6925, 545.642
37.7946, 546.965
37.8949, 546.7315
37.9949, 548.7549
38.0949, 550.6226
38.195, 551.2451
38.297, 551.7121
38.3969, 552.6459
38.4967, 554.8249
38.5966, 554.9805
38.6986, 556.8482
38.7985, 558.4047
38.8989, 559.8054
38.9982, 560.0389
39.1004, 561.6732
39.2004, 562.607
39.3004, 563.2296
39.4023, 564.8638
39.5022, 564.786
39.6021, 566.2646
39.704, 567.7432
39.8038, 569.9222
39.9039, 570.1556
40.0061, 571.8677
40.1061, 573.2685
40.2059, 573.1907
40.3058, 574.9027
40.4078, 575.0584
40.5076, 577.0817
40.6074, 578.1712
40.7093, 579.6498
40.8091, 579.572
40.9091, 581.1284
41.0111, 582.8405
41.1111, 582.9183
41.2111, 584.786
41.3111, 584.8638
41.4125, 585.8755
41.5124, 587.5875
41.6124, 589.5331
41.7143, 589.3774
41.8143, 590.856
41.9144, 591.2451
42.0143, 593.1128
42.1164, 594.5136
42.2165, 594.4358
42.3166, 595.7588
42.4164, 597.0039
42.5181, 596.8482
42.6178, 598.9494
42.7195, 598.7938
42.8191, 600.5837
42.9192, 602.2957
43.0209, 602.3735
43.1206, 603.8521
43.2225, 605.4086
43.3222, 605.642
43.4218, 606.0311
43.5235, 606.965
43.6233, 609.0661
43.725, 608.9105
43.8239, 610.7782
43.9259, 610.7782
44.0257, 612.8016
44.1255, 613.8911
44.2274, 614.4358
44.3273, 614.8249
44.4273, 614.8249
44.5293, 616.2257
44.6296, 618.1712
44.7297, 618.0156
44.8296, 620.1167
44.9299, 620.2724
45.0321, 621.8288
45.1322, 621.5175
45.232, 623.3852
45.332, 624.4747
45.434, 624.6304
45.5339, 624.786
45.6337, 626.5759
45.7358, 626.6537
45.8356, 628.0545
45.9356, 628.4436
46.0376, 629.6109
46.1376, 629.9222
46.2369, 631.7121
46.3389, 631.6342
46.4392, 633.5019
46.5392, 633.035
46.6391, 633.1907
46.7411, 635.2918
46.8411, 635.2918
46.9413, 635.3696
47.0411, 636.537
47.1432, 637.393
47.2432, 637.393
47.3431, 637.393
47.4431, 637.5486
47.5452, 637.5486
47.6451, 638.9494
47.7449, 639.0272
47.8469, 638.8716
47.9472, 640.8171
48.0471, 640.7393
48.1471, 642.607
48.2491, 642.5292
48.3491, 642.5292
48.4489, 642.5292
48.5488, 644.4747
48.6515, 644.4747
48.7514, 644.4747
48.8513, 646.0311
48.9515, 645.7977
49.0514, 645.8755
49.1533, 645.7977
49.2532, 647.5097
49.3531, 647.3541
49.4551, 647.4319
49.555, 649.2996
49.6552, 649.2218
49.7551, 649.2218
49.8572, 649.2218
49.9573, 649.2218
50.0571, 650.856
50.1592, 650.9339
50.2591, 650.9339
50.3591, 650.9339
50.4592, 651.0117
50.5611, 651.0895
50.661, 652.179
50.7609, 652.179
50.8632, 652.179
50.9633, 652.179
51.0632, 652.4125
51.1637, 652.179
51.2638, 652.2568
51.3638, 654.2802
51.4661, 653.9689
51.5661, 654.1245
51.6661, 654.2023
51.7662, 654.0467
51.8663, 653.9689
51.9686, 654.2023
52.0691, 653.9689
52.1692, 655.8366
52.2693, 656.07
52.3694, 656.1479
52.4698, 656.07
52.572, 656.2257
52.6722, 655.8366
52.7722, 656.07
52.8727, 655.9922
52.9727, 656.2257
53.0732, 656.2257
53.1734, 655.9922
53.2756, 656.07
53.3757, 657.4708
53.4765, 657.4708
53.5766, 657.7043
53.6768, 657.7821
53.7769, 657.7043
53.8772, 657.7043
53.9794, 657.6265
54.0798, 657.393
54.18, 657.393
54.28, 657.5486
54.3801, 657.4708
54.4802, 657.5486
54.5823, 657.393
54.6823, 657.7821
54.7823, 659.2607
54.8824, 657.393
54.9825, 659.4163
55.085, 657.4708
55.1851, 657.5486
55.2852, 657.4708
55.3851, 659.2607
55.4852, 659.3385
55.5874, 659.1829
55.6874, 659.1829
55.7874, 659.0272
55.8875, 659.2607
55.9891, 659.1829
56.0895, 659.1829
56.1898, 659.1829
56.2899, 659.4163
56.3903, 659.3385
56.4905, 659.2607
56.5927, 659.2607
56.6928, 659.1829
56.7929, 659.3385
56.8931, 659.4163
56.9931, 659.3385
58.0997, 659.1051
58.1998, 658.8716
58.3, 659.2607
58.3996, 658.7938
58.5018, 659.1051
58.6019, 658.9494
58.702, 659.2607
58.8041, 659.1051
58.9043, 659.1051
59.0044, 659.1829
59.1049, 659.0272
59.205, 659.1051
59.3051, 659.1051
59.407, 658.8716
59.5068, 659.0272
59.6065, 659.3385
59.7087, 659.0272
59.8087, 658.9494
59.9089, 659.1829
60.0089, 658.9494
60.1093, 659.3385
60.2095, 658.9494
60.312, 658.9494
60.412, 658.9494
60.5122, 659.2607
60.6122, 658.7938
60.7124, 659.0272
60.8139, 659.1829
60.9142, 659.1829
61.0143, 658.9494
61.1147, 658.7938
61.2149, 659.1051
61.3171, 658.8716
61.4163, 659.1829
61.5165, 659.0272
61.6187, 659.2607
61.7188, 659.2607
61.8191, 659.3385
61.9194, 659.2607
62.0195, 659.0272
62.12, 658.8716
62.2201, 659.1829
62.3222, 659.0272
62.4223, 659.2607
62.5223, 659.3385
62.6224, 659.0272
62.7225, 659.1051
62.8247, 659.2607
62.925, 659.1829
63.0251, 658.9494
63.1256, 658.9494
63.2252, 659.1829
63.3253, 658.9494
63.4275, 659.1051
63.5276, 659.1829
63.6276, 659.0272
63.7277, 659.3385
63.8299, 659.1051
63.9302, 659.1829
64.0303, 659.1829
64.1307, 658.8716
64.2309, 658.9494
64.3311, 659.0272
64.4313, 659.1829
64.5334, 658.8716
64.6335, 659.1051
64.7335, 659.2607
64.8335, 659.1829
64.9357, 659.0272
65.0358, 658.8716
65.1362, 658.8716
65.2364, 659.1051
65.3367, 658.8716
65.4368, 658.8716
65.5372, 658.8716
65.6396, 658.9494
65.7392, 658.7938
65.8381, 658.8716
65.9401, 659.1051
66.0398, 658.7938
66.1416, 658.9494
66.2412, 659.1051
66.3408, 659.0272
66.4429, 659.0272
66.5426, 659.1829
66.6423, 658.8716
66.7444, 659.0272
66.8441, 658.8716
66.9442, 658.9494
67.046, 659.1051
67.1457, 659.0272
67.2456, 659.0272
67.3473, 658.9494
67.4471, 659.0272
67.5487, 658.9494
67.6484, 658.7938
67.748, 659.0272
67.8497, 658.9494
67.9494, 659.1051
68.0512, 659.2607
68.1502, 659.2607
68.2523, 659.1051
68.3521, 658.8716
68.4519, 659.0272
68.5538, 658.7938
68.6536, 659.1051
68.7534, 659.0272
68.8552, 659.1829
68.9553, 659.1829
69.0551, 658.9494
69.157, 659.1051
69.2568, 659.0272
69.3566, 659.2607
69.4585, 659.2607
69.5583, 659.2607
69.658, 659.0272
69.7598, 659.1829
69.8595, 659.0272
69.9597, 658.4047
70.0617, 659.1051
70.1615, 657.4708
70.2613, 659.1051
70.3631, 659.1051
70.4634, 658.249
70.5628, 659.1051
70.6649, 657.5486
70.7649, 657.393
70.865, 657.393
70.9651, 659.0272
71.0673, 657.2374
71.1678, 657.4708
71.2679, 657.393
71.368, 657.0817
71.4681, 657.393
71.5682, 657.4708
71.6703, 657.7043
71.7703, 657.6265
71.8704, 657.4708
71.9706, 657.5486
72.0707, 657.1595
72.1733, 658.9494
72.2734, 659.0272
72.3735, 657.5486
72.4737, 658.7938
72.5738, 657.3152
72.6739, 657.393
72.776, 657.4708
72.8762, 657.4708
72.9758, 657.2374
73.076, 657.1595
73.1769, 657.4708
73.2771, 659.0272
73.3793, 658.8716
73.4794, 659.1051
73.5794, 659.0272
73.6796, 658.9494
73.7796, 658.6381
73.8818, 657.4708
73.982, 657.0817
74.0823, 658.7938
74.1827, 657.1595
74.2829, 657.4708
74.3831, 657.2374
74.4831, 657.393
74.585, 657.393
74.6848, 657.4708
74.7846, 657.2374
74.8868, 657.6265
74.9866, 657.0039
75.0864, 657.0039
75.1884, 657.2374
75.2883, 657.1595
75.3875, 657.0817
75.4894, 657.0039
75.5892, 657.2374
75.689, 657.3152
75.7909, 657.1595
75.8908, 657.393
75.9911, 657.1595
76.093, 657.4708
76.1928, 657.2374
76.2927, 657.5486
76.3946, 657.393
76.4948, 657.1595
76.5947, 657.0817
76.6945, 657.4708
76.7965, 657.2374
76.8965, 657.393
76.9963, 657.3152
77.0982, 657.3152
77.198, 657.5486
77.2978, 657.1595
77.3997, 657.5486
77.4995, 657.3152
77.5993, 657.1595
77.7011, 657.3152
77.8017, 657.2374
77.9017, 657.3152
78.0016, 657.5486
78.1014, 657.393
78.2033, 657.3152
78.3032, 657.3152
78.4032, 657.2374
78.5051, 657.4708
78.6049, 657.2374
78.7047, 657.2374
78.8065, 657.2374
78.9065, 657.2374
79.0063, 657.4708
79.1082, 657.393
79.2079, 657.4708
79.3077, 657.4708
79.4096, 657.1595
79.5094, 657.3152
79.6092, 657.4708
79.7111, 657.393
79.8109, 657.0817
79.9109, 657.3152
80.0128, 657.393
80.1126, 657.2374
80.2124, 657.3152
80.3148, 657.0817
80.4147, 657.4708
80.5145, 657.3152
80.6143, 657.2374
80.7163, 657.393
80.8162, 655.7588
80.9161, 655.6031
81.0181, 657.1595
81.1179, 657.0039
81.2177, 655.6809
81.3198, 657.1595
81.4196, 655.5253
81.5195, 655.7588
81.6215, 657.2374
81.7212, 655.6031
81.821, 655.6809
81.9213, 657.3152
82.0231, 657.4708
82.1229, 655.9144
82.2227, 655.9144
82.3246, 655.6031
82.4245, 655.6809
82.5263, 657.1595
82.626, 655.7588
82.7252, 655.8366
82.827, 655.5253
82.927, 655.7588
83.0288, 655.4475
83.1286, 655.7588
83.2285, 655.9144
83.3305, 655.5253
83.4303, 655.6031
83.5301, 655.6809
83.6321, 655.5253
83.7319, 655.9922
83.832, 655.5253
83.9321, 655.5253
84.034, 655.6809
84.1338, 655.8366
84.2336, 655.8366
84.3355, 655.9922
84.4353, 655.7588
84.5352, 655.8366
84.637, 655.6031
84.7368, 655.6809
84.8366, 655.6031
84.9388, 655.6031
85.0386, 655.7588
85.1378, 655.7588
85.2397, 655.6809
85.3395, 655.9144
85.4415, 655.6031
85.5413, 655.7588
85.641, 655.6809
85.7429, 655.8366
85.8427, 655.6031
85.9426, 655.8366
86.0445, 655.9144
86.1443, 655.8366
86.2446, 655.6809
86.3445, 655.5253
86.4469, 655.6809
86.5469, 655.8366
86.6467, 655.5253
86.7465, 655.5253
86.8485, 655.5253
86.9484, 655.6031
87.0483, 655.8366
87.1501, 655.5253
87.2499, 655.8366
87.3497, 655.6809
87.4515, 655.9922
87.5506, 655.8366
87.6525, 655.9922
87.7523, 655.7588
87.8542, 655.5253
87.954, 655.5253
88.0538, 655.7588
88.1556, 655.7588
88.2556, 655.9144
88.3554, 655.5253
88.4572, 655.7588
88.557, 655.5253
88.6568, 655.6809
88.7587, 655.6031
88.8586, 655.9144
88.9586, 655.8366
89.0605, 655.6031
89.1603, 655.6809
89.2601, 655.3696
89.362, 655.6809
89.4618, 655.6031
89.5616, 655.6809
89.6634, 655.6031
89.7632, 655.6031
89.863, 655.7588
89.9656, 655.9922
90.0656, 654.0467
90.1654, 653.9689
90.2651, 653.8911
90.3671, 655.5253
90.4669, 653.6576
90.5668, 653.7354
90.6687, 653.8911
90.7685, 653.8132
90.8683, 655.9144
90.9705, 655.7588
91.0703, 655.6031
91.1702, 655.3696
91.2721, 653.8132
91.3719, 653.6576
91.4717, 653.7354
91.5737, 655.7588
91.6739, 655.3696
91.7739, 655.3696
91.8737, 655.6031
91.9756, 655.7588
92.0754, 655.5253
92.1751, 655.6809
92.277, 653.8911
92.3775, 655.5253
92.4772, 653.9689
92.577, 655.8366
92.6789, 655.5253
92.7789, 653.8911
92.8786, 653.7354
92.9807, 653.6576
93.0805, 653.8132
93.1802, 653.8132
93.2822, 653.9689
93.382, 653.9689
93.4818, 653.7354
93.5836, 653.8132
93.6834, 653.8911
93.7831, 654.0467
93.885, 653.8911
93.9849, 653.5798
94.0846, 654.0467
94.1865, 654.1245
94.2863, 653.7354
94.3882, 653.7354
94.4881, 653.9689
94.5879, 654.0467
94.6898, 653.8132
94.7903, 653.8911
94.8901, 653.9689
94.99, 653.9689
95.0898, 653.8911
95.1917, 653.8911
95.2914, 653.8911
95.3934, 653.9689
95.4932, 653.8132
95.593, 653.8132
95.6949, 653.8911
95.7948, 653.9689
95.8946, 653.8911
95.9965, 653.8911
96.0964, 653.5798
96.1961, 653.8911
96.2984, 654.0467
96.3982, 653.9689
96.4982, 653.6576
96.5981, 653.8911
96.7003, 653.8132
96.8001, 653.6576
96.8999, 653.8911
97.0019, 653.9689
97.1017, 653.8132
97.2015, 653.6576
97.3027, 653.9689
97.4026, 653.5798
97.5044, 653.6576
97.6042, 653.7354
97.7041, 653.9689
97.806, 653.8132
97.9058, 653.7354
98.0057, 653.9689
98.1075, 653.9689
98.2072, 653.8911
98.307, 653.8132
98.4088, 653.5798
98.5086, 653.9689
98.6084, 653.7354
98.7104, 653.9689
98.8101, 653.8132
98.9099, 654.1245
99.0118, 653.7354
99.1115, 653.8911
99.2134, 653.7354
99.3133, 653.8911
99.4132, 652.0233
99.5134, 653.8911
99.6154, 653.8911
99.7145, 653.6576
99.8165, 653.6576
99.9164, 652.1012
100.0164, 653.7354
100.1163, 653.8132
100.2181, 654.0467
100.3179, 653.8911
100.4178, 653.8911
100.5197, 651.7899
100.6194, 653.8911
100.7213, 653.9689
100.821, 654.0467
100.9209, 653.8132
101.0229, 653.6576
101.1228, 653.6576
101.2226, 652.179
101.3244, 651.9455
101.4243, 653.8911
101.5242, 654.1245
101.6241, 652.1012
101.7259, 652.0233
101.8258, 651.9455
101.9257, 653.8911
102.0276, 652.1012
102.1268, 652.0233
102.2287, 652.1012
102.3287, 652.0233
102.4285, 652.1012
102.5304, 651.7899
102.6301, 651.8677
102.7299, 652.0233
102.8318, 651.8677
102.9322, 652.179
103.0321, 652.0233
103.1318, 651.7899
103.2339, 651.9455
103.3338, 651.7899
103.4337, 651.9455
103.5356, 651.7121
103.6353, 651.9455
103.7352, 652.0233
103.837, 651.7899
103.9369, 652.0233
104.0367, 652.0233
104.1385, 651.9455
104.2384, 651.9455
104.3382, 651.9455
104.4402, 651.9455
104.5396, 652.0233
104.6415, 651.8677
104.7414, 651.9455
104.8411, 651.9455
104.9432, 651.8677
105.0432, 652.0233
105.143, 651.7899
105.2428, 652.0233
105.3446, 651.9455
105.4445, 651.7899
105.5444, 651.8677
105.6463, 651.7121
105.746, 651.9455
105.8479, 651.8677
105.9478, 652.0233
106.0477, 651.7899
106.1475, 651.9455
106.2494, 651.8677
106.3491, 651.7899
106.4493, 651.7899
106.5513, 651.7899
106.6511, 652.0233
106.7509, 651.8677
106.8528, 652.1012
106.9535, 651.7899
107.0535, 651.9455
107.1532, 651.8677
107.2551, 651.8677
107.3559, 652.0233
107.4558, 651.6342
107.5556, 651.8677
107.6575, 652.179
107.7572, 651.7121
107.857, 651.9455
107.9591, 651.9455
108.059, 651.7121
108.1587, 651.9455
108.2585, 652.179
108.3605, 651.7121
108.4604, 652.1012
108.5602, 651.7899
108.6621, 652.0233
108.7621, 652.0233
108.8618, 652.0233
108.9638, 651.9455
109.0637, 651.9455
109.1635, 652.0233
109.2654, 651.8677
109.3658, 651.7899
109.4658, 652.1012
109.5656, 651.8677
109.6675, 651.6342
109.7673, 651.9455
109.8671, 650.4669
109.9693, 650.7004
110.0696, 652.1012
110.1698, 650.856
110.2699, 651.7899
110.3705, 650.7004
110.4706, 652.0233
110.5727, 651.9455
110.6728, 650.856
110.7728, 651.9455
110.8729, 652.0233
110.973, 651.9455
111.0752, 652.1012
111.1754, 652.1012
111.2754, 650.7004
111.3758, 650.5447
111.476, 650.6226
111.5762, 650.5447
111.6783, 650.6226
111.7792, 650.6226
111.8793, 652.0233
111.9794, 650.3891
112.0794, 650.7004
112.1795, 650.7004
112.2818, 650.5447
112.382, 650.7782
112.4818, 650.3113
112.5815, 651.7121
112.6832, 650.4669
112.7829, 650.5447
112.8831, 651.7899
112.985, 650.3113
113.0849, 650.5447
113.1846, 650.4669
113.2863, 650.6226
113.3859, 650.5447
113.4876, 650.4669
113.5872, 650.2335
113.6868, 650.5447
113.7885, 650.0778
113.8881, 650.3113
113.99, 650.3113
114.0897, 650.4669
114.1893, 650.4669
114.2904, 650.5447
114.3922, 650.6226
114.4918, 650.7004
114.5914, 650.6226
114.6931, 650.5447
114.7926, 650.4669
114.8944, 650.5447
114.9942, 650.3891
115.0958, 650.5447
115.1951, 650.7004
115.2971, 650.7004
115.3968, 650.7004
115.4967, 650.7004
115.5966, 650.7782
115.6985, 650.6226
115.7983, 650.4669
115.9001, 650.7782
115.9999, 650.6226
116.0997, 650.3113
116.2017, 650.5447
116.3014, 650.5447
116.4011, 650.6226
116.5026, 650.6226
116.6027, 650.3891
116.7022, 650.5447
116.8045, 650.6226
116.9046, 650.6226
117.0048, 650.6226
117.1049, 650.3891
117.2072, 650.7782
117.3073, 650.6226
117.4078, 650.3113
117.5079, 650.5447
117.608, 650.5447
117.708, 650.4669
117.8101, 650.6226
117.9101, 650.4669
118.0103, 650.7004
118.1104, 648.7549
118.2105, 649.144
118.3126, 648.9883
118.4131, 648.9105
118.5132, 650.6226
118.6133, 648.7549
118.7133, 650.3891
118.8154, 649.0661
118.9154, 650.6226
119.0156, 648.8327
119.1151, 648.9105
119.2172, 648.8327
119.3172, 648.8327
119.4177, 648.9105
119.5179, 648.9105
119.618, 650.3891
119.7201, 648.9883
119.8201, 648.9883
119.9201, 648.9105
120.0205, 648.8327
120.1207, 648.9105
120.2229, 649.0661
120.3232, 649.0661
120.4237, 650.3113
120.5238, 648.9105
120.624, 649.144
120.7242, 648.9105
120.8242, 648.8327
120.9263, 648.9883
121.0265, 648.9883
121.1266, 648.9105
121.2267, 648.7549
121.3268, 648.9883
121.4293, 648.9105
121.5289, 649.144
121.629, 648.9883
121.7291, 649.0661
121.8291, 649.0661
121.9315, 649.144
122.0316, 648.9105
122.1318, 648.8327
122.2318, 648.9105
122.3318, 649.0661
122.4343, 648.8327
122.5345, 648.9883
122.6346, 648.9105
122.7346, 648.9883
122.8346, 649.0661
122.9347, 648.9883
123.0373, 649.0661
123.1374, 648.7549
123.2375, 648.9105
123.3376, 648.9105
123.4382, 649.144
123.5383, 648.9105
123.6384, 649.0661
123.7406, 648.8327
123.8407, 648.677
123.9414, 648.7549
124.0416, 649.0661
124.1416, 648.9105
124.2417, 648.9105
124.3438, 649.0661
124.4442, 648.9105
124.5445, 648.9105
124.6446, 648.9105
124.7447, 648.9883
124.8447, 649.144
124.9468, 648.9883
125.0471, 648.8327
125.1472, 648.9105
125.2474, 648.8327
125.3474, 648.9883
125.4501, 648.9105
125.5482, 648.8327
125.6503, 648.9883
125.7504, 649.0661
125.8504, 648.8327
125.9505, 648.9105
126.0527, 648.9105
126.1528, 647.1206
126.2528, 647.8988
126.3536, 649.0661
126.4544, 647.4319
126.5547, 647.1984
126.6548, 648.9883
126.7548, 647.1984
126.8569, 647.3541
126.957, 647.1984
127.0571, 646.965
127.1571, 646.965
127.2572, 647.1984
127.3594, 647.1206
127.4598, 647.1984
127.56, 647.1984
127.66, 647.1206
127.7601, 647.3541
127.8601, 647.0428
127.9624, 647.1206
128.0625, 647.0428
128.1621, 646.8872
128.2638, 647.1984
128.3635, 646.965
128.4632, 647.1984
128.5638, 647.2763
128.6655, 647.2763
128.7658, 647.1984
128.8655, 647.1984
128.9673, 647.2763
129.0672, 647.1984
129.1669, 647.1984
129.2685, 647.0428
129.3682, 647.1206
129.4699, 646.8872
129.5695, 647.2763
129.6691, 647.1206
129.7708, 647.1984
129.8704, 647.3541
129.9722, 647.1206
130.0722, 647.1206
130.1718, 647.4319
130.2735, 647.1984
130.3731, 647.2763
130.4748, 647.0428
130.5745, 647.3541
130.6763, 647.1206
130.7759, 647.3541
130.8756, 647.2763
130.9779, 647.4319
131.0778, 647.1984
131.1776, 647.4319
131.2768, 647.1984
131.3787, 646.965
131.4788, 647.1984
131.5807, 647.1984
131.6805, 647.3541
131.7803, 647.4319
131.8821, 647.0428
131.9822, 647.1984
132.082, 647.2763
132.1838, 647.1984
132.2836, 647.2763
132.3833, 647.2763
132.4851, 647.1984
132.5851, 647.1984
132.6848, 647.3541
132.7867, 647.1984
132.8864, 647.1984
132.9865, 647.0428
133.0885, 646.965
133.1883, 647.3541
133.2881, 647.3541
133.39, 646.965
133.4898, 647.0428
133.5897, 647.2763
133.691, 647.0428
133.7908, 647.2763
133.8926, 647.0428
133.9928, 647.1984
134.0926, 647.4319
134.1924, 647.1984
134.2943, 646.965
134.3941, 647.2763
134.4939, 645.642
134.5959, 645.4086
134.6956, 645.2529
134.7975, 646.4202
134.8972, 645.0973
134.9973, 645.2529
135.097, 645.5642
135.1989, 645.2529
135.2987, 645.1751
135.3985, 645.3307
135.5005, 645.4086
135.6003, 645.1751
135.7001, 645.3307
135.8024, 645.4864
135.9026, 645.4086
136.0029, 645.4086
136.1025, 645.4864
136.2047, 645.7198
136.3048, 645.4864
136.4051, 645.1751
136.5053, 645.3307
136.605, 645.4086
136.7067, 645.4086
136.8064, 645.4086
136.9082, 645.3307
137.0079, 645.3307
137.1076, 645.3307
137.2093, 645.2529
137.3089, 645.4086
137.4106, 645.2529
137.5104, 645.2529
137.6101, 645.5642
137.7124, 645.3307
137.8126, 645.3307
137.9127, 645.2529
138.0129, 645.4086
138.1129, 645.3307
138.2151, 645.3307
138.3152, 645.2529
138.4154, 645.4864
138.5152, 645.5642
138.6154, 645.4864
138.7158, 645.3307
138.8181, 645.2529
138.9181, 645.4864
139.0183, 645.2529
139.1184, 645.2529
139.2185, 645.7977
139.3206, 645.3307
139.4207, 645.3307
139.5211, 645.2529
139.6213, 643.8521
139.7215, 645.3307
139.8215, 645.4864
139.9236, 645.4864
140.0237, 645.2529
140.1238, 645.4086
140.2238, 645.4864
140.3238, 645.3307
140.4259, 645.4864
140.5264, 645.4086
140.6265, 645.4864
140.7266, 645.2529
140.8267, 645.2529
140.9296, 645.2529
141.0277, 645.3307
141.1298, 645.1751
141.2297, 645.3307
141.3295, 645.4864
141.4292, 645.4086
141.5313, 645.2529
141.6311, 645.4086
141.731, 645.2529
141.8328, 645.3307
141.9326, 645.2529
142.0327, 645.4864
142.1345, 645.3307
142.2344, 645.0195
142.3342, 645.4864
142.436, 645.4864
142.5358, 645.1751
142.6359, 645.3307
142.7378, 645.0973
142.8376, 645.3307
142.9374, 645.5642
143.0375, 645.642
143.1394, 645.3307
143.2391, 645.1751
143.3396, 645.2529
143.4414, 644.1634
143.5412, 643.93
143.6412, 644.0078
143.7414, 643.8521
143.8433, 645.4086
143.9432, 643.7743
144.0434, 643.7743
144.1432, 644.0078
144.2452, 643.6187
144.345, 643.93
144.4448, 645.0973
144.5467, 645.3307
144.6466, 645.3307
144.7463, 643.93
144.8483, 645.2529
144.9481, 645.0195
145.0482, 643.6965
145.1501, 645.1751
145.25, 645.2529
145.3501, 644.0078
145.4503, 643.8521
145.553, 644.0078
145.6511, 643.93
145.754, 644.0078
145.8541, 644.0078
145.9541, 643.93
146.0543, 644.2412
146.1544, 643.8521
146.2544, 644.2412
146.3566, 644.0856
146.4568, 643.8521
146.5578, 643.7743
146.658, 643.93
146.7581, 644.0856
146.8583, 644.0078
146.9583, 644.0856
147.0585, 644.0078
147.1607, 644.0856
147.2607, 643.7743
147.3608, 643.93
147.4608, 643.6965
147.5611, 643.93
147.6613, 644.0078
147.7634, 643.8521
147.8634, 643.8521
147.9634, 644.0078
148.0635, 643.93
148.1655, 643.93
148.2657, 643.8521
148.3658, 644.0856
148.4659, 644.0856
148.5664, 644.0078
148.6666, 643.7743
148.7687, 643.8521
148.8687, 644.1634
148.9688, 643.93
149.069, 644.2412
149.1691, 643.93
149.2713, 644.0078
149.3714, 643.93
149.4714, 644.0856
149.5718, 644.0078
149.672, 643.93
149.7741, 643.93
149.8741, 643.93
149.9743, 644.0856
150.0745, 644.0856
150.1747, 643.8521
150.2748, 644.0856
150.3771, 643.7743
150.4771, 643.8521
150.5775, 643.93
150.6771, 644.0078
150.7793, 643.8521
150.8794, 643.8521
150.9794, 643.93
151.0796, 644.2412
151.1796, 643.8521
151.2817, 644.0078
151.3819, 644.0856
151.482, 644.0078
151.5826, 643.7743
151.6828, 643.7743
151.7828, 642.0623
151.8828, 644.0078
151.985, 644.0078
152.0853, 643.6965
152.1854, 644.0078
152.2854, 641.9844
152.3854, 643.93
152.4875, 643.93
152.5879, 644.0078
152.688, 643.93
152.788, 643.6187
152.8879, 644.0078
152.99, 643.6187
153.0898, 643.93
153.1899, 643.6965
153.292, 643.93
153.3919, 643.8521
153.4919, 643.8521
153.5923, 643.8521
153.6924, 642.1401
153.7944, 641.9844
153.8944, 642.2179
153.9944, 641.751
154.0945, 643.7743
154.1966, 643.6965
154.2974, 644.0078
154.3977, 643.6187
154.4978, 643.93
154.5983, 643.6187
154.6984, 643.8521
154.7984, 644.0078
154.8984, 644.0078
155.0007, 643.6965
155.1011, 643.7743
155.2011, 643.93
155.301, 643.6965
155.401, 643.7743
155.5026, 643.6965
155.603, 643.6965
155.7032, 643.7743
155.8033, 643.6965
155.9054, 644.0078
156.0055, 643.8521
156.1055, 643.8521
156.2054, 643.6965
156.3056, 643.6187
156.4076, 643.6187
156.5078, 643.6187
156.6078, 643.7743
156.7076, 643.6965
156.8095, 643.93
156.9092, 643.6187
157.0093, 643.8521
157.1113, 643.8521
157.2111, 643.93
157.3109, 643.8521
157.4127, 643.6965
157.5125, 643.7743
157.6123, 643.8521
157.7141, 643.93
157.8143, 643.93
157.9151, 643.5409
158.0152, 643.8521
158.1154, 644.0856
158.2155, 643.7743
158.3178, 643.8521
158.4179, 643.7743
158.5179, 643.7743
158.6183, 643.6187
158.7184, 643.7743
158.8184, 643.6965
158.9205, 643.8521
159.0206, 643.6965
159.1207, 643.7743
159.2207, 643.93
159.3229, 643.7743
159.4231, 643.6965
159.5232, 643.6187
159.6234, 644.0078
159.724, 643.6965
159.8234, 643.463
159.9254, 643.8521
160.0253, 643.6965
160.1252, 643.7743
160.2271, 644.0078
160.327, 643.6965
160.4261, 643.6187
160.5281, 643.7743
160.6278, 643.7743
160.7298, 643.7743
160.8297, 643.7743
160.9294, 643.6965
161.0313, 643.6965
161.1312, 644.0078
161.2311, 643.6965
161.331, 643.6965
161.4328, 643.6187
161.5327, 643.7743
161.6325, 643.6965
161.7345, 643.7743
161.8342, 643.6187
161.934, 643.8521
162.0359, 643.5409
162.136, 643.8521
162.236, 643.93
162.3359, 643.8521
162.4378, 643.7743
162.5376, 644.0078
162.6374, 643.93
162.7393, 644.0078
162.8385, 644.0078
162.9404, 643.7743
163.0404, 643.8521
163.1401, 643.8521
163.2419, 643.93
163.3419, 643.6965
163.4417, 643.93
163.5435, 643.93
163.6433, 644.0078
163.7432, 643.6187
163.8452, 643.6965
163.945, 643.6965
164.0451, 643.8521
164.147, 643.93
164.2471, 643.7743
164.3469, 643.7743
164.4468, 643.93
164.5486, 643.6965
164.6484, 643.8521
164.7483, 643.6187
164.8502, 643.93
164.95, 643.6965
165.0499, 643.93
165.1517, 643.93
165.2509, 643.6965
165.3528, 643.93
165.4526, 643.7743
165.5525, 643.93
165.6543, 643.6965
165.7542, 641.9066
165.854, 643.6965
165.9558, 643.7743
166.0558, 643.8521
166.1555, 643.93
166.2574, 643.7743
166.3572, 643.6965
166.4591, 643.8521
166.5594, 643.8521
167.665, 643.463
167.7649, 643.6187
167.8647, 643.6965
167.9666, 643.7743
168.0665, 643.6965
168.1664, 643.6187
168.2684, 641.9844
168.3682, 642.7626
168.468, 643.7743
168.5699, 643.6187
168.6697, 641.8288
168.7695, 643.7743
168.8714, 641.9844
168.9711, 642.1401
169.0711, 641.9066
169.1731, 642.0623
169.2729, 641.8288
169.3727, 641.9066
169.4746, 641.9844
169.5744, 641.751
169.6741, 642.0623
169.7761, 641.8288
169.876, 642.1401
169.976, 642.2179
170.0769, 641.751
170.1767, 642.1401
170.2785, 641.9066
170.3783, 641.8288
170.4782, 641.9844
170.5801, 642.0623
170.6798, 641.9844
170.7797, 642.1401
170.8816, 642.2179
170.9814, 641.9066
171.0813, 641.9844
171.1832, 641.9066
171.2829, 642.0623
171.3828, 642.2179
171.4846, 641.9844
171.5844, 642.0623
171.6842, 642.0623
171.7862, 642.0623
171.886, 642.0623
171.9858, 641.9844
172.0877, 641.9066
172.1875, 642.0623
172.2894, 641.8288
172.3891, 641.9844
172.5092, 641.9066
172.601, 642.1401
172.7022, 642.0623
172.8042, 641.8288
172.9041, 642.0623
173.0039, 642.0623
173.106, 641.751
173.2058, 641.9066
173.3058, 641.9066
173.4077, 641.8288
173.5075, 641.9844
173.6073, 641.9066
173.7091, 641.9844
173.809, 641.8288
173.9088, 641.8288
174.0108, 641.9066
174.1109, 641.9844
174.2108, 641.9844
174.3106, 642.1401
174.4125, 641.8288
174.5123, 641.9066
174.6121, 642.0623
174.7132, 641.9844
174.8152, 641.751
174.915, 641.9844
175.0149, 641.9066
175.1148, 642.1401
175.2167, 641.9066
175.3165, 641.8288
175.4163, 642.0623
175.5183, 641.9066
175.6182, 641.8288
175.718, 641.6732
175.82, 641.751
175.9199, 641.8288
176.0206, 642.0623
176.1209, 641.9844
176.2209, 641.751
176.3231, 641.9844
176.4232, 641.751
176.5239, 641.9066
176.624, 641.751
176.7244, 642.0623
176.8246, 641.9066
176.9247, 641.9066
177.0268, 641.751
177.1263, 642.0623
177.2264, 641.9066
177.3286, 641.9066
177.4286, 641.9066
177.5287, 641.9066
177.6287, 641.751
177.7291, 641.9844
177.8296, 641.8288
177.9297, 641.8288
178.0319, 641.9066
178.132, 642.0623
178.232, 641.9066
178.332, 641.8288
178.4341, 641.9066
178.534, 641.751
178.6341, 641.9844
178.7345, 642.1401
178.8347, 641.8288
178.9369, 641.8288
179.0369, 641.751
179.1369, 641.6732
179.2369, 641.9066
179.3389, 641.9066
179.439, 641.8288
179.5384, 641.9066
179.6406, 641.5953
179.741, 641.8288
179.8411, 641.9844
179.9411, 641.8288
180.0411, 641.9066
180.1412, 642.1401
180.2434, 641.9844
180.3434, 641.8288
180.4433, 641.9066
180.5433, 641.9066
180.6454, 642.0623
180.7458, 641.8288
180.8459, 641.8288
180.9459, 641.8288
181.046, 641.9066
181.1482, 641.8288
181.2481, 641.9066
181.3481, 641.751
181.4481, 641.9066
181.5502, 641.8288
181.6502, 641.751
181.7506, 641.751
181.8508, 641.6732
181.9515, 641.9066
182.052, 641.6732
182.1521, 641.751
182.2542, 642.1401
182.3542, 641.8288
182.4542, 641.751
182.5542, 641.8288
182.6563, 641.751
182.7569, 641.6732
182.8571, 641.9844
182.9571, 641.9066
183.0573, 641.9066
183.1572, 639.8054
183.2591, 640.7393
183.3592, 639.7276
183.4591, 639.8054
183.5589, 639.4942
183.6608, 641.6732
183.7608, 641.8288
183.8608, 639.6498
183.9629, 641.9844
184.0629, 639.6498
184.163, 639.6498
184.2628, 641.8288
184.3653, 641.751
184.4652, 639.572
184.565, 641.6732
184.6648, 639.6498
184.7667, 639.4942
184.8667, 641.9066
184.9665, 639.572
185.0686, 639.6498
185.1685, 640.5837
185.2684, 639.6498
185.3702, 639.572
185.4699, 639.3385
185.5698, 639.7276
185.6722, 639.7276
185.772, 639.9611
185.8719, 639.7276
185.9718, 639.8054
186.0739, 641.284
186.1738, 639.8054
186.2737, 639.8833
186.3736, 640.0389
186.4755, 639.7276
186.5755, 639.7276
186.6754, 640.1167
186.7779, 639.572
186.8777, 639.7276
186.9777, 639.6498
187.0779, 640.0389
187.1798, 640.0389
187.2795, 639.6498
187.3793, 639.7276
187.4812, 639.7276
187.581, 639.7276
187.6808, 639.8833
187.7827, 640.1946
187.8826, 639.4163
187.9824, 639.8054
188.0846, 639.8833
188.1844, 639.8054
188.2843, 639.6498
188.3841, 639.6498
188.486, 639.572
188.5858, 639.6498
188.6877, 639.8054
188.7874, 639.4942
188.8874, 639.9611
188.9893, 639.8833
189.0892, 639.8833
189.1897, 639.6498
189.2895, 639.8833
189.3913, 639.8054
189.4911, 639.8054
189.591, 639.572
189.6928, 640.0389
189.7928, 639.4942
189.8928, 639.572
189.9926, 639.4942
190.0947, 639.8054
190.1945, 639.6498
190.2944, 639.572
190.3963, 639.8833
190.4961, 639.9611
190.5959, 639.7276
190.6979, 639.7276
190.7977, 639.4942
190.8976, 639.7276
190.9995, 639.6498
191.0995, 639.572
191.1994, 639.8833
191.3012, 640.1167
191.401, 639.6498
191.5008, 640.0389
191.6035, 639.8833
191.7015, 639.8833
191.8033, 639.4942
191.9032, 639.6498
192.003, 639.7276
192.1052, 639.6498
192.205, 639.7276
192.3048, 639.8054
192.4067, 639.9611
192.5065, 639.4163
192.6063, 639.8833
192.7083, 639.6498
192.8081, 639.6498
192.9079, 639.7276
193.0099, 639.572
193.1098, 639.6498
193.2096, 639.6498
193.3117, 639.8054
193.4115, 640.0389
193.5117, 639.8054
193.6116, 639.9611
193.7137, 639.4942
193.8134, 640.0389
193.9133, 640.0389
194.0159, 639.572
194.116, 639.7276
194.2158, 639.7276
194.3156, 639.9611
194.4176, 639.9611
194.5174, 639.9611
194.6172, 640.1946
194.7191, 639.9611
194.8192, 639.9611
194.9191, 640.1167
195.0191, 639.9611
195.1211, 639.9611
195.2208, 639.6498
195.3206, 639.572
195.4225, 639.7276
195.5223, 639.7276
195.6221, 639.8054
195.7241, 639.7276
195.8238, 639.6498
195.9238, 639.7276
196.0258, 639.6498
196.1258, 639.8054
196.2256, 639.7276
196.3276, 640.1167
196.4279, 640.1167
196.528, 639.8054
196.628, 640.1167
196.7298, 639.7276
196.8298, 640.0389
196.9298, 639.572
197.0298, 639.6498
197.1317, 639.8833
197.2315, 639.8833
197.3312, 639.7276
197.433, 639.572
197.5328, 639.6498
197.6326, 639.8054
197.7345, 640.1167
197.8343, 639.8054
197.9364, 639.7276
198.0364, 639.8833
198.1364, 639.8833
198.2362, 640.0389
198.338, 640.0389
198.4378, 639.4942
198.5377, 639.7276
198.6397, 639.7276
198.7395, 639.572
198.8399, 639.4942
198.9398, 639.3385
199.0419, 639.4163
199.1417, 639.572
199.2415, 639.7276
199.3434, 639.3385
199.4431, 639.4942
199.5429, 639.572
199.6449, 639.8054
199.7446, 639.4942
199.8444, 639.7276
199.9465, 639.8054
200.0465, 639.6498
200.1465, 639.6498
200.2485, 639.572
200.3483, 639.8833
200.4481, 639.4942
200.5499, 639.4942
200.6498, 639.7276
200.7496, 639.8833
200.8516, 638.249
200.9515, 638.4825
201.0514, 639.6498
201.1533, 639.4942
201.2537, 639.8833
201.354, 638.5603
201.4539, 638.4825
201.5538, 638.5603
201.6557, 639.4942
201.7555, 638.3268
201.8554, 638.3268
201.9574, 639.7276
202.0573, 638.5603
202.1574, 638.4047
202.2574, 638.5603
202.3593, 638.4825
202.4592, 638.4047
202.5591, 638.5603
202.6611, 638.6381
202.7608, 638.5603
202.8606, 638.3268
202.9626, 638.4047
203.0624, 638.5603
203.1622, 638.249
203.2641, 638.1712
203.3641, 638.3268
203.4639, 638.4047
203.5658, 638.4047
203.6663, 638.1712
203.766, 638.249
203.8658, 638.4047
203.9678, 638.3268
204.0677, 638.249
204.1677, 638.5603
204.2697, 638.4047
204.3696, 638.5603
204.4694, 638.1712
204.5712, 638.3268
204.671, 638.5603
204.7708, 638.5603
204.8726, 638.4047
204.9725, 638.249
205.0728, 638.3268
205.1748, 638.5603
205.2746, 638.4825
205.3743, 638.4825
205.4763, 638.4047
205.5762, 638.3268
205.6758, 638.4047
205.7777, 638.1712
206.8838, 638.3268
206.9839, 638.3268
207.0843, 638.0156
207.1843, 638.249
207.2844, 638.4047
207.3862, 638.4825
207.4862, 638.4825
207.586, 638.1712
207.6879, 638.3268
207.7877, 638.4047
207.8875, 638.1712
207.9895, 638.4825
208.0899, 638.4825
208.19, 638.4825
208.2903, 638.1712
208.3904, 638.4825
208.4932, 638.4047
208.5932, 638.4825
208.6932, 638.249
208.7931, 638.4825
208.8935, 638.5603
208.9934, 638.4825
209.0955, 638.4825
209.1961, 638.4047
209.2961, 638.3268
209.3961, 638.5603
209.496, 638.3268
209.5981, 638.716
209.6981, 638.5603
209.7981, 638.249
209.8985, 638.4047
210.0007, 638.249
210.1007, 638.1712
210.201, 638.4825
210.301, 638.1712
210.401, 638.4047
210.5032, 638.5603
210.6032, 638.5603
210.7032, 638.4047
210.8031, 638.3268
210.9057, 638.4047
211.0057, 638.249
211.1062, 638.3268
211.206, 638.4825
211.3059, 638.3268
211.4078, 638.4825
211.5076, 638.4825
211.6074, 638.4047
211.7093, 638.4047
211.8092, 638.4047
211.9091, 638.716
212.0112, 638.249
212.1114, 638.3268
212.2114, 638.5603
212.3112, 638.4825
212.4131, 638.4825
212.513, 638.4047
212.6129, 638.4825
212.7147, 638.5603
212.8146, 638.4047
212.9144, 638.6381
213.0164, 638.4047
213.1166, 638.5603
213.2166, 638.4047
213.3172, 638.5603
213.417, 638.3268
213.519, 638.4825
213.6188, 638.4825
213.7188, 638.4825
213.8207, 638.4047
214.9247, 638.3268
215.0267, 638.249
215.1269, 638.4825
215.2269, 638.4825
215.3269, 638.3268
215.4287, 638.4825
215.5285, 638.3268
215.6284, 638.5603
215.731, 638.249
215.831, 638.1712
215.931, 638.4825
216.0311, 638.4825
216.1311, 638.4825
216.2331, 638.4825
216.333, 638.249
216.4328, 638.4825
216.5348, 638.5603
216.6355, 638.5603
216.7354, 638.4047
216.8353, 638.4825
216.9372, 638.4825
217.0378, 638.5603
217.1378, 638.4825
217.2377, 638.3268
217.3376, 638.4047
217.4395, 638.5603
217.5394, 637.0817
217.6392, 638.3268
217.7411, 637.393
217.8408, 637.2374
217.9407, 638.3268
218.0428, 638.3268
218.1434, 637.2374
218.2432, 637.0817
218.3431, 637.2374
218.445, 637.2374
218.5449, 638.3268
218.6448, 637.3152
218.7466, 637.2374
218.8464, 637.2374
218.9462, 637.393
219.0484, 637.0817
219.1484, 637.393
219.2484, 637.0817
219.3482, 637.2374
219.4502, 637.2374
219.55, 637.0817
219.6498, 637.0817
219.7517, 637.3152
219.8515, 637.0817
219.9534, 637.1595
220.0533, 637.2374
220.1531, 637.4708
220.2552, 637.2374
220.355, 637.393
220.455, 637.0817
220.5555, 637.0817
220.6554, 637.393
220.7572, 637.2374
220.857, 637.3152
220.959, 637.2374
221.0591, 637.0817
221.1593, 637.393
221.2591, 637.2374
221.361, 637.393
221.4608, 637.1595
221.5608, 637.2374
221.6609, 637.2374
221.7629, 637.2374
221.8628, 637.0817
221.9626, 637.0817
222.0648, 637.393
222.1649, 637.0817
222.2648, 637.2374
222.3648, 637.0817
222.4668, 637.2374
222.5667, 637.0817
222.6666, 637.393
222.7685, 637.0817
222.8684, 637.1595
222.9691, 637.0817
223.069, 637.1595
223.1692, 637.3152
223.2712, 637.1595
223.3711, 637.2374
223.471, 637.3152
223.5729, 637.393
223.6727, 637.2374
223.7725, 637.2374
223.8744, 637.3152
223.9742, 637.2374
224.0742, 637.2374
224.1763, 637.2374
224.2761, 637.2374
224.3761, 637.2374
224.4781, 637.0817
224.578, 637.0817
224.6779, 637.0817
224.7779, 637.0817
224.8802, 637.0817
224.9804, 637.2374
225.0808, 637.393
225.1809, 637.2374
225.2807, 637.2374
225.3833, 637.0817
225.4833, 637.2374
225.5832, 637.393
225.6831, 637.1595
225.7851, 637.2374
225.8848, 637.3152
225.9847, 637.2374
226.0868, 637.2374
226.187, 637.393
226.2868, 637.2374
226.3866, 637.0817
226.4885, 637.0817
226.589, 637.2374
226.689, 637.0817
226.789, 637.0817
226.891, 637.0817
226.991, 637.0817
227.0912, 637.0817
227.1911, 637.2374
227.2931, 637.2374
227.393, 637.0817
227.4928, 637.4708
227.5948, 637.0817
227.6946, 637.1595
227.7952, 637.0817
227.895, 637.0817
227.9976, 637.0817
228.0977, 637.2374
228.1977, 637.0817
228.2976, 637.0817
228.3975, 637.2374
228.4994, 637.0817
228.5992, 637.0817
228.699, 637.2374
228.8009, 637.3152
228.9008, 637.393
229.0007, 637.2374
229.1028, 637.2374
229.2029, 637.0817
229.3029, 637.393
229.4028, 637.3152
229.5046, 637.0817
229.6045, 637.2374
229.7044, 637.2374
229.8062, 636.9261
229.9062, 637.0817
230.006, 637.0817
230.1084, 637.3152
230.2094, 637.0817
230.3094, 637.2374
230.4094, 637.3152
230.5094, 637.1595
230.6094, 637.2374
230.7114, 637.1595
230.8114, 637.3152
230.9113, 637.3152
231.0138, 637.0817
231.1139, 637.1595
231.214, 637.1595
231.314, 636.7704
231.414, 637.2374
231.516, 637.0817
231.6164, 637.393
231.7164, 637.0817
231.8164, 637.0817
231.9165, 637.3152
233.0226, 637.0817
233.1227, 635.6809
233.2247, 637.2374
233.3247, 635.9144
233.4246, 637.0817
233.5258, 637.3152
233.6257, 637.2374
233.7276, 635.6031
233.8275, 635.9144
233.9274, 635.6809
234.0293, 635.7588
234.1293, 635.7588
234.2291, 635.7588
234.3311, 637.0817
234.431, 637.2374
234.5309, 635.9922
234.6308, 637.0039
234.7327, 635.8366
234.8325, 635.9922
234.9324, 635.8366
235.0351, 635.8366
235.1354, 635.6809
235.2354, 635.6809
235.3352, 635.7588
235.4351, 635.9922
235.537, 635.9922
235.6369, 635.7588
235.7367, 635.8366
235.8387, 635.9922
235.9385, 635.7588
236.039, 635.7588
236.1391, 635.9922
236.2411, 635.6809
236.341, 635.8366
236.4409, 635.9144
236.5428, 635.6809
236.6431, 635.7588
236.7431, 635.6809
236.8431, 635.8366
236.945, 635.9922
237.0449, 635.9922
237.1451, 635.9144
237.2451, 635.8366
237.3471, 635.8366
237.4477, 635.7588
237.5475, 635.6809
237.6474, 635.6809
237.7493, 635.8366
237.8491, 635.6031
237.9489, 635.8366
238.051, 635.7588
238.1511, 635.6031
238.2512, 635.8366
238.3512, 635.7588
238.4531, 635.9922
238.5529, 635.9144
238.6527, 635.8366
238.7546, 635.9144
238.8544, 635.8366
238.9542, 635.6809
239.0562, 635.7588
239.1562, 635.8366
239.2561, 635.7588
239.3581, 635.6809
239.458, 635.7588
239.5578, 635.8366
239.6577, 635.8366
239.7596, 635.6809
239.86, 635.8366
239.9599, 635.8366
240.062, 635.8366
240.1621, 635.6809
240.2619, 635.9922
240.3617, 635.6809
240.4636, 635.9144
240.5638, 635.9144
240.6639, 635.6809
240.7638, 635.7588
240.8658, 635.8366
240.9657, 635.7588
241.0658, 635.8366
241.168, 635.7588
241.2678, 635.8366
241.3676, 635.8366
241.4695, 635.9144
241.5693, 635.6031
241.6691, 635.7588
241.771, 635.8366
241.871, 635.7588
241.971, 635.9144
242.0709, 635.9144
242.173, 635.8366
242.2736, 635.6809
242.3734, 635.7588
242.4732, 635.8366
242.5752, 635.8366
242.675, 635.6809
242.7749, 635.7588
242.8768, 635.7588
242.9766, 635.7588
243.0767, 635.6031
243.1792, 635.9144
243.2792, 635.9922
243.379, 635.7588
243.4789, 635.8366
243.5808, 635.6809
243.6806, 635.7588
243.7805, 635.8366
243.8823, 635.8366
243.9822, 635.8366
244.0823, 635.9922
244.1845, 635.9922
244.2844, 635.7588
244.3843, 635.9144
244.4841, 635.9922
244.586, 635.7588
244.6865, 635.7588
244.7863, 635.9922
244.8862, 635.8366
244.9881, 635.9144
245.0882, 635.7588
245.1885, 635.9144
245.2884, 635.6809
245.3904, 635.8366
245.4902, 635.9144
245.5902, 635.9144
245.6922, 635.8366
245.792, 635.7588
245.8919, 635.7588
245.9938, 635.6031
246.0937, 635.9144
246.1939, 635.9144
246.2938, 635.9922
246.3958, 635.8366
246.4956, 635.7588
246.5957, 635.7588
246.6978, 635.6809
246.7977, 635.9144
246.8976, 635.9922
246.9995, 635.7588
247.0997, 640.0389
247.2005, 639.572
247.3004, 639.3385
247.4003, 639.8054
247.5022, 639.572
247.602, 639.572
247.7018, 639.572
247.8037, 639.0272
247.9036, 638.0156
248.0034, 638.0156
248.1055, 638.0156
248.2058, 637.8599
248.3058, 633.8911
248.4064, 639.4163
248.5064, 639.0272
248.6086, 638.5603
248.7086, 639.1051
248.8086, 640.0389
248.9086, 640.2724
249.0107, 640.1946
249.1114, 640.1946
249.2117, 640.0389
249.3117, 638.7938
249.4117, 638.8716
249.5124, 638.7938
249.6124, 638.9494
249.7144, 638.7938
249.8143, 638.7938
249.9143, 638.9494
250.0143, 638.716
250.117, 638.8716
250.2171, 638.6381
250.317, 638.716
250.417, 619.1829
250.5192, 570.7004
250.6192, 532.4903
250.7192, 522.9183
250.8191, 533.035
250.9212, 541.0506
251.0211, 546.1089
251.1213, 547.821
251.2212, 549.7665
251.3233, 549.7665
251.4233, 549.6887
251.5232, 549.7665
251.6233, 548.1323
251.7253, 546.4981
251.8252, 541.284
251.9257, 538.3268
252.0257, 530.2335
252.1279, 523.463
252.2279, 517.1595
252.3277, 512.5681
252.4276, 505.4086
252.5297, 499.4163
252.6295, 492.9572
252.7292, 485.9533
252.8312, 481.0506
252.931, 474.1245
253.0308, 468.1323
254.1392, 394.358
254.2393, 384.9416
254.3398, 366.4202
254.4397, 364.4747
254.5395, 363.8521
254.6414, 363.3074
254.7412, 362.1401
254.841, 324.1634
254.943, 297.3152
255.043, 271.0117
255.1433, 248.0545
255.2433, 223.8521
255.3453, 198.0156
255.4451, 180.1167
255.5449, 163.6187
255.6468, 147.8988
255.7466, 133.035
255.8464, 117.0039
255.9483, 105.8755
256.0481, 96.3035
256.148, 87.5097
256.2503, 74.358
256.3503, 71.6342
256.4502, 60.0389
256.5501, 52.4903
256.6528, 46.1089
256.7535, 39.4942
256.8533, 40.3502
256.9531, 37.1595
257.0529, 31.7121
257.1553, 28.677
257.2553, 24.6304
257.3552, 22.9961
257.4552, 19.572
257.5571, 17.9377
257.657, 9.2996
257.7568, 7.821
257.8588, 6.4981
257.9586, 6.4202
258.0584, 4.5525
258.1607, 3.0739
258.2607, 2.9961
258.3606, 6.6537
258.4606, 7.1206
258.5626, 7.0428
258.6625, 7.1984
258.7624, 7.1984
258.8643, 7.3541
258.9643, 7.2763
259.0643, 7.1206
259.1645, 7.5097
259.2647, 7.1206
259.3666, 7.1984
259.4663, 7.4319
259.5662, 7.4319
259.6682, 7.2763
259.7679, 7.1206
259.8677, 7.1206
259.9696, 7.4319
260.0695, 7.3541
260.1716, 7.2763
260.2716, 7.4319
260.3714, 7.2763
260.4713, 7.2763
260.5733, 7.3541
260.6732, 7.4319
260.773, 7.1206
260.875, 7.5097
260.9748, 7.2763
261.0746, 7.5097
261.177, 7.3541
261.2773, 7.2763
261.3773, 7.1984
261.4772, 7.5875
261.5778, 7.3541
261.6778, 7.3541
261.7798, 7.1984
261.8796, 7.2763
261.9794, 7.4319
262.0812, 7.3541
262.1813, 7.4319
262.2814, 7.1206
262.3812, 7.2763
262.4831, 7.2763
262.583, 7.5875
262.6829, 7.5875
262.7848, 7.5097
262.8846, 7.4319
262.9845, 7.5097
263.0865, 7.3541
263.1864, 7.3541
263.2863, 7.4319
263.3883, 7.4319
263.4882, 7.6654
263.5881, 7.5097
263.69, 7.5097
263.7898, 7.5875
263.8897, 7.4319
263.9922, 7.5097
264.0907, 7.6654
264.1933, 7.5875
264.2934, 7.3541
264.3936, 7.5875
264.4936, 7.5875
264.5936, 7.4319
264.6938, 7.4319
264.7959, 7.7432
264.8958, 7.6654
264.9958, 7.5875
265.0959, 7.5097
265.1985, 7.7432
265.2986, 7.5875
265.3987, 7.5875
265.4987, 7.3541
265.5986, 7.4319
265.7008, 7.6654
265.8008, 7.5875
265.9007, 7.4319
266.0007, 7.7432
266.1028, 7.6654
266.2033, 7.4319
266.3033, 7.4319
266.404, 7.5875
266.5039, 7.5097
266.6051, 7.4319
266.7051, 7.6654
266.8049, 7.6654
266.9069, 7.5875
267.0068, 7.821
267.107, 7.5097
267.2069, 7.6654
267.309, 7.5097
267.409, 7.821
267.5089, 7.6654
267.6107, 7.6654
267.7106, 7.7432
267.8104, 7.6654
267.9123, 7.7432
268.0121, 7.5875
268.112, 7.7432
268.2144, 7.5097
268.3145, 7.7432
268.4144, 7.6654
268.5142, 7.7432
268.6162, 7.821
268.7159, 7.7432
268.8165, 7.821
268.9164, 7.6654
269.0163, 7.821
269.1185, 7.7432
269.2186, 7.7432
269.3186, 7.8988
269.4185, 7.821
269.5205, 7.6654
269.6204, 7.7432
269.7203, 7.7432
269.8223, 7.6654
269.9222, 7.7432
270.022, 7.821
270.1241, 7.5875
270.224, 7.821
270.3239, 7.9767
270.4237, 7.821
270.5257, 7.6654
270.6255, 7.7432
270.7253, 7.5875
270.8273, 7.6654
270.9272, 7.8988
271.027, 7.9767
271.1292, 7.8988
271.2291, 7.7432
271.3297, 7.6654
271.4297, 7.821
271.5317, 7.6654
271.6318, 8.0545
271.7317, 7.821
271.8317, 7.7432
271.9322, 7.6654
272.0343, 7.8988
272.1345, 7.8988
272.2351, 7.7432
272.3353, 7.9767
272.4354, 7.821
272.5354, 7.821
272.6374, 7.821
272.7374, 8.1323
272.8374, 7.8988
272.9374, 7.7432
273.0395, 8.0545
273.1396, 7.7432
273.24, 8.0545
273.3401, 7.8988
273.4401, 7.6654
273.5422, 7.9767
273.6429, 7.821
273.743, 7.8988
273.8432, 7.9767
273.9433, 8.0545
274.0433, 7.9767
274.1455, 7.9767
274.2461, 8.0545
274.3462, 7.7432
274.4462, 8.1323
274.5462, 7.9767
274.6483, 7.821
274.7484, 8.0545
274.8484, 7.9767
274.9485, 7.7432
275.0486, 7.9767
275.1508, 7.821
275.2508, 8.0545
275.3508, 8.1323
275.4505, 7.9767
275.5524, 7.9767
275.6523, 8.1323
275.7521, 7.8988
275.8539, 7.8988
275.9538, 8.0545
276.0543, 8.0545
276.1543, 7.821
276.2563, 7.7432
276.3562, 8.1323
276.4561, 7.9767
276.5582, 7.9767
276.6586, 7.9767
276.7587, 8.1323
276.8589, 7.8988
276.9592, 8.0545
277.0593, 7.8988
277.1617, 7.7432
277.2623, 8.0545
277.3625, 8.0545
277.4626, 7.8988
277.5627, 7.8988
277.6627, 7.8988
277.7628, 7.7432
277.8649, 8.0545
277.9649, 7.8988
278.0649, 8.0545
278.1651, 7.8988
278.2677, 8.1323
278.3678, 8.0545
278.4685, 7.9767
278.5686, 8.2101
278.6686, 8.0545
278.7687, 8.0545
278.8687, 8.0545
278.9708, 7.9767
279.0707, 7.8988
279.1708, 8.0545
279.2713, 7.8988
279.3714, 7.8988
279.4735, 8.0545
279.5734, 8.0545
279.6734, 8.2879
279.7739, 8.0545
279.874, 8.1323
279.9761, 8.1323
280.0761, 8.1323
280.1762, 8.1323
280.2768, 8.0545
280.3769, 7.8988
280.479, 8.2879
280.5791, 7.8988
280.6792, 8.0545
280.7792, 8.2101
280.882, 8.1323
280.9799, 8.0545
281.082, 8.0545
281.1821, 8.2101
281.2825, 8.2101
281.3826, 7.8988
281.4831, 8.2879
281.5832, 8.1323
281.6853, 8.0545
281.7853, 8.1323
281.8853, 8.1323
281.9853, 8.0545
282.0874, 8.1323
282.1874, 8.1323
282.2879, 8.1323
282.388, 7.9767
282.4879, 8.2101
282.59, 8.1323
282.69, 8.1323
282.79, 8.2879
282.89, 2.8405
282.9922, 3.0739
283.0923, 2.8405
283.1925, 3.0739
283.293, 2.9183
283.3926, 2.7626
283.4948, 2.9183
283.5948, 3.0739
283.6948, 2.9183
283.7948, 2.8405
283.8968, 2.9961
283.9968, 2.9961
284.0969, 3.0739
284.1991, 2.8405
284.2996, 2.9961
284.3998, 2.7626
284.4997, 2.9961
284.5997, 2.6848
284.6998, 2.8405
284.802, 2.7626
284.902, 3.0739
285.002, 2.9961
285.1021, 3.0739
285.2044, 3.0739
285.305, 3.0739
285.4051, 2.9961
285.5051, 2.9183
285.605, 3.1518
285.705, 2.8405
285.8065, 3.0739
285.9066, 2.9961
286.0066, 2.9961
286.1085, 2.6848
286.2085, 2.8405
286.3084, 2.9961
286.4104, 3.1518
286.5101, 3.1518
286.6099, 3.1518
286.7126, 2.9961
286.8127, 3.1518
286.9128, 3.0739
287.0128, 2.9183
287.1131, 2.8405
287.2133, 2.8405
287.3159, 2.9961
287.416, 3.2296
287.5161, 2.9183
287.6166, 2.7626
287.7167, 2.8405
287.8167, 2.9961
287.9167, 2.9183
288.0187, 2.9183
288.1188, 3.0739
288.2183, 2.9961
288.321, 2.9183
288.4211, 3.0739
288.5211, 3.0739
288.6211, 2.8405
288.721, 3.2296
288.8232, 2.9961
288.9232, 2.9961
289.0233, 3.0739
289.1235, 3.1518
289.2258, 3.2296
289.3263, 3.0739
289.4264, 3.1518
289.5264, 3.0739
289.6264, 3.1518
289.7264, 2.9961
289.8285, 2.9961
289.9286, 2.9961
290.0287, 3.1518
290.1287, 3.2296
290.2309, 2.9183
290.3315, 3.0739
290.4316, 3.0739
290.5315, 2.9183
290.6309, 3.1518
290.733, 3.1518
290.833, 3.1518
290.9331, 2.9961
291.0352, 3.2296
291.1353, 2.9961
291.2353, 3.2296
291.3359, 2.9183
291.436, 3.0739
291.536, 2.9961
291.638, 3.1518
291.738, 2.9961
291.838, 2.9961
291.9401, 3.0739
292.0401, 3.3074
292.1401, 3.3074
292.2401, 3.1518
292.3427, 2.9183
292.4428, 3.0739
292.5428, 3.1518
292.6431, 2.9961
292.7431, 3.0739
292.8431, 3.1518
292.945, 3.0739
293.0455, 3.0739
293.1457, 2.7626
293.2455, 2.9183
293.3472, 3.1518
293.4472, 3.1518
293.5469, 2.9961
293.6487, 2.9961
293.7485, 3.0739
293.8482, 3.2296
293.9502, 2.9961
294.0499, 3.0739
294.1502, 3.0739
294.2524, 3.1518
294.3524, 2.9961
294.4524, 3.0739
294.5522, 2.9961
294.654, 2.9961
294.7538, 2.9961
294.8536, 3.1518
294.9554, 3.2296
295.0552, 3.1518
295.1551, 3.1518
295.257, 2.9961
295.3568, 3.2296
295.4578, 3.1518
295.5578, 3.1518
295.6597, 3.3074
295.7595, 2.9183
295.8593, 3.0739
295.9611, 3.0739
296.0609, 2.9961
296.1608, 3.3852
296.263, 3.1518
296.3628, 3.2296
296.4628, 3.1518
296.5626, 2.9961
296.6639, 3.0739
296.764, 3.1518
296.8661, 3.3074
296.9661, 3.0739
297.0661, 3.2296
297.1661, 3.2296
297.2685, 3.1518
297.369, 3.1518
297.4691, 3.1518
297.5691, 3.1518
297.669, 3.3074
297.7712, 3.2296
297.8719, 3.1518
297.9719, 3.3074
298.0719, 2.9961
298.1719, 3.0739
298.2718, 3.2296
298.3739, 3.3852
298.4745, 3.1518
298.5743, 3.3074
298.6741, 2.9961
298.7762, 3.1518
298.8761, 3.0739
298.9759, 3.3074
299.0778, 3.2296
299.1777, 3.0739
299.2776, 3.3074
299.3775, 3.2296
299.4795, 3.1518
299.5793, 3.2296
299.6791, 3.3074
299.781, 3.2296
299.8808, 3.0739
299.9806, 2.8405
300.0825, 3.3074
300.1826, 2.9961
300.2826, 3.3074
300.3845, 3.0739
300.4846, 3.3852
300.5844, 3.0739
300.6862, 3.0739
300.786, 3.2296
300.8858, 3.3074
300.9877, 3.3852
301.0875, 3.0739
301.1876, 3.0739
301.2896, 3.0739
301.3893, 3.2296
301.4891, 3.0739
301.5909, 3.2296
301.6907, 2.9961
301.7905, 3.3852
301.8925, 3.3852
301.9923, 3.1518
302.0921, 3.0739
302.194, 3.3852
302.2938, 3.2296
302.3936, 3.1518
302.4955, 3.0739
302.5956, 3.2296
302.6953, 3.3074
302.7965, 3.0739
302.8963, 2.9183
302.9981, 3.1518
303.0978, 3.0739
303.1997, 3.2296
303.3002, 3.3074
303.4007, 3.1518
303.5006, 3.0739
303.6004, 3.0739
303.7023, 2.9961
303.802, 3.3852
303.9019, 3.1518
304.0036, 3.2296
304.1033, 3.1518
304.2031, 3.3074
304.3052, 3.2296
304.405, 3.1518
304.5048, 3.3074
304.6067, 3.463
304.7065, 3.1518
304.8062, 3.3074
304.908, 3.463
305.0078, 3.3074
305.1096, 3.3074
305.2089, 3.2296
305.3109, 3.1518
305.4112, 3.2296
305.5111, 3.3852
305.6109, 3.3852
305.7128, 3.1518
305.8125, 2.9961
305.9122, 3.1518
306.014, 3.3074
306.1137, 3.3852
306.2138, 3.463
306.3159, 3.3852
306.4156, 3.1518
306.5155, 3.3852
306.6172, 3.3074
306.7172, 3.0739
306.817, 3.3074
306.9189, 3.3074
307.0187, 3.1518
307.1185, 3.1518
307.2207, 3.3074
307.3205, 3.2296
307.4203, 3.2296
307.5222, 3.3074
307.6214, 3.1518
307.7232, 3.1518
307.823, 3.3074
307.9227, 3.3852
308.0245, 3.463
308.1243, 3.3852
308.2251, 3.1518
308.3253, 3.3074
308.4272, 3.3852
308.527, 3.3074
308.6267, 2.9961
308.7286, 2.9961
308.8285, 3.1518
308.9283, 2.9961
309.0301, 3.463
309.1298, 3.0739
309.2297, 3.0739
309.3316, 2.9961
309.4313, 3.3074
309.5311, 3.1518
309.633, 3.3074
309.7328, 3.0739
309.8326, 3.1518
309.9345, 3.2296
310.035, 3.1518
310.1348, 3.3852
310.2366, 3.1518
310.3365, 3.2296
310.4363, 3.2296
310.5381, 3.3074
310.6378, 2.9961
310.7376, 3.2296
310.8395, 3.463
310.9392, 3.1518
311.0422, 3.1518
311.1408, 3.2296
311.2407, 3.2296
311.3407, 3.3074
311.4425, 3.2296
311.5424, 3.1518
311.6422, 3.3852
311.7442, 3.3852
311.8441, 3.2296
311.9439, 3.3074
312.0458, 3.2296
312.1457, 3.463
312.2456, 3.2296
312.3475, 3.3074
312.4473, 3.3852
312.5476, 3.2296
312.6495, 3.2296
312.7492, 3.0739
312.849, 3.3074
312.9509, 3.2296
313.0507, 3.2296
313.1507, 3.3074
313.2527, 3.2296
313.3525, 3.2296
313.4523, 3.3852
313.5542, 3.1518
313.654, 3.0739
313.7538, 3.3074
313.8557, 3.1518
313.9555, 3.3852
314.0553, 3.2296
314.1572, 3.3074
314.257, 3.2296
314.3571, 3.3852
314.4589, 3.463
314.5588, 3.3074
314.6586, 2.9961
314.7604, 3.0739
314.8604, 3.3074
314.9597, 3.2296
315.0616, 3.1518
315.1616, 3.2296
315.2614, 3.3074
315.3633, 3.1518
315.4631, 3.2296
315.563, 2.9961
315.6648, 3.0739
315.7646, 3.1518
315.8644, 3.0739
315.9663, 3.1518
316.0661, 3.2296
316.1661, 3.3074
316.268, 3.3852
316.3682, 2.9961
316.4679, 3.3852
316.5698, 3.1518
316.6691, 2.9961
316.7714, 3.3074
316.8714, 3.1518
316.9716, 3.0739
317.0716, 3.0739
317.1718, 3.0739
317.274, 3.2296
317.3735, 3.3852
317.4741, 3.2296
317.5742, 3.1518
317.6742, 3.1518
317.7764, 3.1518
317.8766, 3.3852
317.9766, 3.3074
318.0766, 3.2296
318.1788, 3.2296
318.2795, 3.0739
318.3796, 2.9961
318.48, 2.9961
318.58, 2.9961
318.6801, 3.3852
318.7801, 3.3074
318.8825, 3.2296
318.9828, 3.2296
319.0828, 3.463
319.1829, 3.3852
319.2831, 3.3852
319.3833, 3.2296
319.4858, 3.3852
319.5859, 3.3074
319.6859, 3.463
319.7854, 3.2296
319.8875, 3.3074
319.9875, 3.2296
320.0875, 3.0739
320.1876, 3.3852
320.2898, 3.2296
320.3899, 3.2296
320.4904, 3.1518
320.5904, 3.3074
320.6904, 3.3074
320.7926, 3.3852
320.8926, 3.2296
320.9927, 3.2296
321.0927, 3.2296
321.1927, 2.9961
321.2948, 3.2296
321.3949, 3.2296
321.4955, 3.2296
321.5956, 3.463
321.6956, 3.2296
321.7977, 3.3074
321.8977, 3.2296
321.9979, 3.3074
322.0979, 3.3852
322.1987, 3.1518
322.2989, 3.1518
322.399, 3.3074
322.5015, 3.3852
322.6015, 3.2296
322.7015, 3.2296
322.8015, 3.0739
322.9014, 3.2296
323.0035, 3.1518
323.1035, 3.1518
323.2036, 3.3852
323.3036, 3.3852
323.4058, 3.463
324.5111, 3.3852
324.6117, 3.2296
324.7115, 3.2296
324.8114, 3.2296
324.9132, 3.463
325.013, 3.2296
325.1129, 3.2296
325.2148, 3.1518
325.3146, 3.1518
325.4145, 3.1518
325.5166, 3.2296
325.6165, 3.2296
325.7163, 3.2296
325.8181, 3.463
325.9179, 3.463
326.0177, 3.2296
326.1195, 3.2296
326.2193, 3.3074
326.3192, 3.3074
326.421, 3.463
326.5211, 3.2296
326.6209, 3.463
326.7226, 3.463
326.8229, 3.2296
326.9231, 3.2296
327.024, 3.3074
327.1242, 3.3852
327.2243, 3.3074
327.3244, 3.3074
327.4266, 3.2296
327.527, 3.0739
327.6273, 3.3852
327.7273, 3.3074
327.8274, 3.3852
327.9294, 3.2296
328.0294, 3.0739
328.1295, 3.463
328.2297, 3.2296
328.3299, 3.2296
328.432, 3.3852
328.5323, 3.5409
328.6325, 3.463
328.7326, 3.2296
328.8327, 3.3074
328.9327, 3.463
329.0348, 3.3074
329.1348, 3.3074
329.2348, 3.5409
329.3352, 3.2296
329.4353, 3.3852
329.5372, 3.3074
329.6373, 3.2296
329.7373, 2.9961
329.8373, 3.1518
329.9394, 3.3852
330.0393, 3.463
330.1393, 3.3074
330.2395, 3.3074
330.3418, 3.1518
330.4419, 3.3852
330.5423, 3.2296
330.6424, 3.2296
330.7424, 3.2296
330.8424, 3.2296
330.9445, 3.2296
331.0446, 3.3074
331.1447, 3.1518
331.2449, 3.1518
331.3449, 3.3852
331.4471, 3.2296
331.5476, 3.3852
331.6478, 3.1518
331.748, 3.2296
331.848, 3.3852
331.9475, 3.3852
332.0497, 3.2296
332.1499, 3.3074
332.25, 3.463
332.3502, 3.3852
332.4523, 3.3074
332.5528, 3.2296
332.6529, 3.2296
332.753, 3.2296
332.853, 3.1518
332.9552, 3.3074
333.0552, 3.3074
333.1553, 3.3852
333.2554, 3.3852
333.3555, 3.3074
333.4577, 3.3852
333.5581, 3.3852
333.6582, 3.463
333.7582, 3.2296
333.8582, 3.1518
333.9604, 3.3852
334.0604, 3.5409
334.1604, 3.3074
334.2606, 3.3852
334.3601, 3.3852
334.4622, 3.5409
334.5631, 3.3852
334.6634, 3.3852
334.7634, 3.2296
334.8634, 3.2296
334.9655, 3.3852
335.0654, 3.3852
335.1654, 3.3074
335.2654, 3.3074
335.3676, 3.3852
335.4676, 3.1518
335.5679, 3.1518
335.668, 3.2296
335.768, 3.3074
335.87, 3.2296
335.97, 3.3852
336.07, 3.3074
336.1701, 3.3074
336.2721, 3.0739
336.3722, 3.2296
336.4721, 3.2296
336.5726, 3.3074
336.6729, 3.3852
336.7726, 3.1518
336.8748, 3.1518
336.9748, 3.3074
337.0749, 3.2296
337.1751, 3.1518
337.2773, 3.2296
337.3773, 3.2296
337.4773, 3.3852
337.5777, 3.1518
337.6779, 3.3074
337.78, 3.2296
337.8799, 3.3852
337.9799, 3.1518
338.0799, 3.3852
338.1821, 3.3074
338.2821, 3.463
338.3821, 3.2296
338.4822, 3.463
338.5826, 3.3852
338.6848, 3.1518
338.7849, 3.463
338.8848, 3.3852
338.9849, 3.1518
339.0849, 3.2296
339.1877, 3.2296
339.2878, 3.3074
339.3878, 3.3074
339.4878, 3.3074
339.5883, 3.3074
339.6885, 3.1518
339.7886, 3.1518
339.8908, 2.9961
339.9908, 3.3852
340.0908, 3.5409
340.1909, 3.2296
340.2911, 3.3852
340.3933, 3.1518
340.4933, 3.463
340.5936, 3.3074
340.6937, 3.3074
340.7939, 3.3852
340.8959, 3.0739
340.9959, 3.0739
341.0959, 3.3852
341.196, 3.3074
341.298, 3.3074
341.3981, 3.0739
341.4981, 3.3852
341.5992, 3.3852
341.6994, 3.3852
341.7994, 3.1518
341.8994, 3.463
342.0015, 3.5409
342.1014, 3.2296
342.2015, 3.463
342.3015, 3.3074
342.4041, 3.1518
342.5044, 3.1518
342.6049, 3.2296
342.7051, 3.2296
342.8051, 3.3852
342.9051, 3.5409
343.005, 3.2296
343.1072, 3.3852
343.2074, 3.3074
343.3072, 3.463
343.4071, 3.3074
343.5091, 3.3074
343.6089, 3.2296
343.7087, 3.3852
343.8107, 3.3074
343.9106, 3.3852
344.0112, 3.3074
344.111, 3.2296
344.213, 3.2296
344.3128, 3.463
344.4127, 3.3852
344.5146, 3.3852
344.6144, 3.3852
344.7143, 3.5409
344.8142, 3.2296
344.9161, 3.2296
345.0159, 3.3852
345.1178, 3.3852
345.2178, 3.463
345.3178, 3.1518
345.4178, 3.2296
345.5199, 3.3074
345.6197, 3.3074
345.7197, 3.3074
345.8195, 3.2296
345.9215, 3.2296
346.0212, 3.3074
346.121, 3.463
346.2232, 3.463
346.323, 3.3074
346.4229, 3.463
346.5244, 3.463
346.6243, 3.463
346.7246, 3.3852
346.8266, 3.2296
346.9265, 3.1518
347.0265, 3.463
347.1263, 3.3852
347.2285, 3.2296
347.3284, 3.463
347.4285, 3.3074
347.5285, 3.3852
347.6304, 3.2296
347.7304, 3.1518
347.8303, 3.3074
347.9323, 3.3074
348.0323, 3.1518
348.132, 3.3852
348.2339, 3.3852
348.3338, 3.3074
348.4337, 3.3074
348.5336, 3.3074
348.6355, 3.3852
348.7354, 3.3074
348.8353, 3.463
348.9365, 3.2296
349.0363, 3.2296
349.1381, 3.6187
349.2383, 3.3074
349.3384, 3.2296
349.4384, 3.3852
349.5404, 3.2296
349.641, 3.2296
349.7411, 3.3074
349.841, 3.463
349.941, 3.3852
350.0432, 3.463
350.1432, 3.3852
350.2436, 3.3852
350.3439, 3.3074
350.4439, 3.3074
350.546, 3.3852
350.6465, 3.3852
350.7466, 3.1518
350.8466, 3.463
350.9466, 3.463
351.0466, 3.3074
351.1487, 3.463
351.2488, 3.5409
351.3483, 3.1518
351.4504, 3.1518
351.5503, 3.3074
351.6508, 3.3852
351.7512, 3.463
351.8512, 3.2296
351.9511, 3.3074
352.0531, 3.3852
352.1529, 3.3074
352.253, 3.1518
352.3551, 3.3074
352.4549, 3.463
352.5547, 3.3074
352.6548, 3.3074
352.7567, 3.5409
352.8565, 3.2296
352.9563, 3.2296
353.0581, 3.463
353.1578, 3.3074
353.258, 3.2296
353.3599, 3.3852
353.46, 3.3852
353.5597, 3.3852
353.6616, 3.2296
353.7609, 3.3074
353.8628, 3.3852
353.9626, 3.463
354.0623, 3.2296
354.1641, 3.463
354.2644, 3.463
354.3643, 3.3852
354.4641, 3.2296
354.566, 3.3852
354.6658, 3.3852
354.7657, 3.5409
354.8676, 3.2296
354.9673, 3.3852
355.0671, 3.2296
355.169, 3.2296
355.2701, 3.3852
355.3699, 3.3852
355.4699, 3.2296
355.5697, 3.463
355.6715, 3.2296
355.7714, 3.3852
355.8712, 3.3074
355.973, 3.2296
356.0728, 3.2296
356.1754, 3.3852
356.2737, 3.2296
356.3755, 3.2296
356.4753, 3.3852
356.5752, 3.1518
356.6778, 3.2296
356.7779, 3.463
356.8778, 3.2296
356.9777, 3.1518
357.0774, 3.463
357.1793, 3.3852
357.2796, 3.3852
357.3799, 3.2296
357.4799, 3.463
357.582, 3.3852
357.6824, 3.3852
357.7825, 3.3074
357.8824, 3.3852
357.9824, 3.3074
358.0848, 3.3852
358.1848, 3.3074
358.2851, 3.3852
358.3851, 3.3852
358.485, 3.2296
358.5879, 3.463
358.6862, 3.3852
358.7884, 3.463
358.8885, 3.1518
358.9885, 3.3852
359.0885, 3.463
359.1884, 3.463
359.2906, 3.3852
359.3906, 3.3074
359.4906, 3.3074
359.5905, 3.3074
359.6931, 3.463
359.7931, 3.3074
359.893, 3.5409
359.993, 3.3074
360.0952, 3.3852
360.1952, 3.463
360.2952, 3.5409
360.3953, 3.2296
360.4952, 3.3852
360.5973, 3.3074
360.6976, 3.1518
360.7976, 3.3074
360.8976, 3.463
361.0004, 3.463
361.1004, 3.3852
361.2003, 3.3852
361.3003, 3.463
361.4005, 3.3852
361.5025, 3.1518
361.6025, 3.6187
361.7031, 3.463
361.8032, 3.2296
361.9032, 3.2296
362.0032, 3.1518
362.1052, 3.3852
362.2052, 3.463
362.3052, 3.2296
362.4052, 3.463
362.5073, 3.463
362.6073, 3.463
362.7077, 3.3852
362.8077, 3.3074
362.91, 3.1518
363.01, 3.3074
363.1101, 3.2296
363.2104, 3.2296
363.3104, 3.3852
363.4126, 3.2296
363.5121, 3.3852
363.6122, 3.3852
363.7125, 3.3852
363.8147, 3.2296
363.9147, 3.2296
364.0147, 3.5409
364.1147, 3.2296
364.2148, 3.3852
364.3168, 3.1518
364.4168, 3.463
364.5168, 3.3074
364.6168, 3.3852
364.7193, 3.2296
364.8194, 3.2296
364.9193, 3.3074
365.0193, 3.2296
365.1214, 3.1518
365.2214, 3.2296
365.3214, 3.3074
365.4214, 3.3852
365.5234, 3.3852
365.6234, 3.3852
365.7238, 3.1518
365.8238, 3.3852
365.9235, 3.5409
366.0257, 3.2296
366.1256, 3.5409
366.2257, 3.5409
366.3277, 3.3074
366.4277, 3.3852
366.5276, 3.1518
366.6275, 3.3852
366.7293, 3.463
366.8293, 3.3852
366.9292, 3.3852
367.0312, 3.3852
367.1311, 3.1518
367.2311, 3.6187
367.331, 3.3074
367.4329, 3.463
367.5327, 3.2296
367.6325, 3.463
367.7344, 3.463
367.8343, 3.2296
367.9341, 3.5409
368.036, 3.463
368.1358, 3.463
368.2357, 3.3852
368.337, 3.2296
368.4369, 3.3074
368.5388, 3.2296
368.6388, 3.3852